-- MySQL Script generated by MySQL Workbench
-- Mon Jan 18 11:17:44 2021
-- Model: New Model    Version: 1.0
-- MySQL Workbench Forward Engineering

SET @OLD_UNIQUE_CHECKS=@@UNIQUE_CHECKS, UNIQUE_CHECKS=0;
SET @OLD_FOREIGN_KEY_CHECKS=@@FOREIGN_KEY_CHECKS, FOREIGN_KEY_CHECKS=0;
SET @OLD_SQL_MODE=@@SQL_MODE, SQL_MODE='ONLY_FULL_GROUP_BY,STRICT_TRANS_TABLES,NO_ZERO_IN_DATE,NO_ZERO_DATE,ERROR_FOR_DIVISION_BY_ZERO,NO_ENGINE_SUBSTITUTION';

-- -----------------------------------------------------
-- Schema culampollamydb
-- -----------------------------------------------------
DROP SCHEMA IF EXISTS `culampollamydb` ;

-- -----------------------------------------------------
-- Schema culampollamydb
-- -----------------------------------------------------
CREATE SCHEMA IF NOT EXISTS `culampollamydb` DEFAULT CHARACTER SET utf8 ;
USE `culampollamydb` ;

-- -----------------------------------------------------
-- Table `culampollamydb`.`tb_pais`
-- -----------------------------------------------------
DROP TABLE IF EXISTS `culampollamydb`.`tb_pais` ;

CREATE TABLE IF NOT EXISTS `culampollamydb`.`tb_pais` (
  `idtb_pais` INT NOT NULL AUTO_INCREMENT,
  `pais` VARCHAR(45) NULL,
  `cod_iso2` VARCHAR(2) NULL,
  `cod_iso3` VARCHAR(3) NULL,
  PRIMARY KEY (`idtb_pais`))
ENGINE = InnoDB;


-- -----------------------------------------------------
-- Table `culampollamydb`.`tb_provincia`
-- -----------------------------------------------------
DROP TABLE IF EXISTS `culampollamydb`.`tb_provincia` ;

CREATE TABLE IF NOT EXISTS `culampollamydb`.`tb_provincia` (
  `idtb_provincia` INT NOT NULL AUTO_INCREMENT,
  `codprovincia` VARCHAR(45) NULL,
  `nomprovincia` VARCHAR(45) NULL,
  `pais_id` INT NULL,
  PRIMARY KEY (`idtb_provincia`),
  INDEX `fk_provincia_pais_id_idx` (`pais_id` ASC) VISIBLE,
  CONSTRAINT `fk_provincia_pais_id`
    FOREIGN KEY (`pais_id`)
    REFERENCES `culampollamydb`.`tb_pais` (`idtb_pais`)
    ON DELETE NO ACTION
    ON UPDATE NO ACTION)
ENGINE = InnoDB
COMMENT = '	\n\n';


-- -----------------------------------------------------
-- Table `culampollamydb`.`tb_codigopostal`
-- -----------------------------------------------------
DROP TABLE IF EXISTS `culampollamydb`.`tb_codigopostal` ;

CREATE TABLE IF NOT EXISTS `culampollamydb`.`tb_codigopostal` (
  `idtb_codigopostal` INT NOT NULL AUTO_INCREMENT,
  `codigopostal` VARCHAR(45) NULL,
  `poblacion` VARCHAR(45) NULL,
  `provincia_id` INT NULL,
  `pais_id` INT NULL,
  PRIMARY KEY (`idtb_codigopostal`),
  INDEX `fk_codpostal_provincia_id_idx` (`provincia_id` ASC) VISIBLE,
  INDEX `fk_codpostal_pais_id_idx` (`pais_id` ASC) VISIBLE,
  CONSTRAINT `fk_codpostal_provincia_id`
    FOREIGN KEY (`provincia_id`)
    REFERENCES `culampollamydb`.`tb_provincia` (`idtb_provincia`)
    ON DELETE NO ACTION
    ON UPDATE NO ACTION,
  CONSTRAINT `fk_codpostal_pais_id`
    FOREIGN KEY (`pais_id`)
    REFERENCES `culampollamydb`.`tb_pais` (`idtb_pais`)
    ON DELETE NO ACTION
    ON UPDATE NO ACTION)
ENGINE = InnoDB;


-- -----------------------------------------------------
-- Table `culampollamydb`.`tb_proveedores`
-- -----------------------------------------------------
DROP TABLE IF EXISTS `culampollamydb`.`tb_proveedores` ;

CREATE TABLE IF NOT EXISTS `culampollamydb`.`tb_proveedores` (
  `idproveedores` INT NOT NULL AUTO_INCREMENT,
  `nombre` VARCHAR(150) NOT NULL,
  `nif` VARCHAR(9) NULL,
  `direccion` VARCHAR(150) NULL,
  `ciudad` VARCHAR(45) NULL,
  `codigopostal_id` INT NULL,
  `pais_id` INT NULL,
  PRIMARY KEY (`idproveedores`),
  INDEX `fk_proveedor_codpostal_id_idx` (`codigopostal_id` ASC) VISIBLE,
  INDEX `fk_proveedor_pais_id_idx` (`pais_id` ASC) VISIBLE,
  CONSTRAINT `fk_proveedor_codpostal_id`
    FOREIGN KEY (`codigopostal_id`)
    REFERENCES `culampollamydb`.`tb_codigopostal` (`idtb_codigopostal`)
    ON DELETE NO ACTION
    ON UPDATE NO ACTION,
  CONSTRAINT `fk_proveedor_pais_id`
    FOREIGN KEY (`pais_id`)
    REFERENCES `culampollamydb`.`tb_pais` (`idtb_pais`)
    ON DELETE NO ACTION
    ON UPDATE NO ACTION)
ENGINE = InnoDB;


-- -----------------------------------------------------
-- Table `culampollamydb`.`tb_clientes`
-- -----------------------------------------------------
DROP TABLE IF EXISTS `culampollamydb`.`tb_clientes` ;

CREATE TABLE IF NOT EXISTS `culampollamydb`.`tb_clientes` (
  `id_clientes` INT NOT NULL AUTO_INCREMENT,
  `nombre` VARCHAR(45) NULL,
  `apellidos` VARCHAR(150) NULL,
  `direccion` VARCHAR(45) NULL,
  `codigopostal_id` INT NULL,
  `telefono` VARCHAR(25) NULL,
  `email` VARCHAR(100) NULL,
  `fecha_registro` DATE NULL,
  PRIMARY KEY (`id_clientes`),
  INDEX `fk_cliente_codpostal_id_idx` (`codigopostal_id` ASC) VISIBLE,
  CONSTRAINT `fk_cliente_codpostal_id`
    FOREIGN KEY (`codigopostal_id`)
    REFERENCES `culampollamydb`.`tb_codigopostal` (`idtb_codigopostal`)
    ON DELETE NO ACTION
    ON UPDATE NO ACTION)
ENGINE = InnoDB;


-- -----------------------------------------------------
-- Table `culampollamydb`.`tb_marca`
-- -----------------------------------------------------
DROP TABLE IF EXISTS `culampollamydb`.`tb_marca` ;

CREATE TABLE IF NOT EXISTS `culampollamydb`.`tb_marca` (
  `id_marca` INT NOT NULL AUTO_INCREMENT,
  `nombremarca` VARCHAR(45) NULL,
  `proveedor_id` INT NULL,
  PRIMARY KEY (`id_marca`),
  INDEX `fkproveedor_idx` (`proveedor_id` ASC) VISIBLE,
  CONSTRAINT `fk_marca_proveedor_id`
    FOREIGN KEY (`proveedor_id`)
    REFERENCES `culampollamydb`.`tb_proveedores` (`idproveedores`)
    ON DELETE NO ACTION
    ON UPDATE NO ACTION)
ENGINE = InnoDB;


-- -----------------------------------------------------
-- Table `culampollamydb`.`tb_recomendados`
-- -----------------------------------------------------
DROP TABLE IF EXISTS `culampollamydb`.`tb_recomendados` ;

CREATE TABLE IF NOT EXISTS `culampollamydb`.`tb_recomendados` (
  `id_cliente` INT NOT NULL,
  `id_recomendado` INT NOT NULL,
  PRIMARY KEY (`id_cliente`, `id_recomendado`),
  INDEX `id_recomendado_idx_idx` (`id_recomendado` ASC) VISIBLE,
  CONSTRAINT `id_recomendado_cliente_reco`
    FOREIGN KEY (`id_recomendado`)
    REFERENCES `culampollamydb`.`tb_clientes` (`id_clientes`)
    ON DELETE NO ACTION
    ON UPDATE NO ACTION,
  CONSTRAINT `id_recomendado_cliente_orig`
    FOREIGN KEY (`id_cliente`)
    REFERENCES `culampollamydb`.`tb_clientes` (`id_clientes`)
    ON DELETE NO ACTION
    ON UPDATE NO ACTION)
ENGINE = InnoDB;


-- -----------------------------------------------------
-- Table `culampollamydb`.`tb_tipomontura`
-- -----------------------------------------------------
DROP TABLE IF EXISTS `culampollamydb`.`tb_tipomontura` ;

CREATE TABLE IF NOT EXISTS `culampollamydb`.`tb_tipomontura` (
  `id_tipo_montura` INT NOT NULL AUTO_INCREMENT,
  `tipo` VARCHAR(45) NULL,
  PRIMARY KEY (`id_tipo_montura`))
ENGINE = InnoDB;


-- -----------------------------------------------------
-- Table `culampollamydb`.`tb_gafas`
-- -----------------------------------------------------
DROP TABLE IF EXISTS `culampollamydb`.`tb_gafas` ;

CREATE TABLE IF NOT EXISTS `culampollamydb`.`tb_gafas` (
  `id_tipogafas` INT NOT NULL AUTO_INCREMENT,
  `modelo` VARCHAR(45) NULL,
  `marca_id` INT NULL,
  `tipo_montura_id` INT NULL,
  `color` VARCHAR(45) NULL,
  `precio` FLOAT NULL,
  INDEX `fkproveedor_idx` (`marca_id` ASC) INVISIBLE,
  INDEX `fktipomontura_idx` (`tipo_montura_id` ASC) VISIBLE,
  PRIMARY KEY (`id_tipogafas`),
  CONSTRAINT `fk_gafas_marca_id`
    FOREIGN KEY (`marca_id`)
    REFERENCES `culampollamydb`.`tb_marca` (`id_marca`)
    ON DELETE NO ACTION
    ON UPDATE NO ACTION,
  CONSTRAINT `fk_gafas_tipomontura_id`
    FOREIGN KEY (`tipo_montura_id`)
    REFERENCES `culampollamydb`.`tb_tipomontura` (`id_tipo_montura`)
    ON DELETE RESTRICT
    ON UPDATE RESTRICT)
ENGINE = InnoDB;


-- -----------------------------------------------------
-- Table `culampollamydb`.`tb_empleado`
-- -----------------------------------------------------
DROP TABLE IF EXISTS `culampollamydb`.`tb_empleado` ;

CREATE TABLE IF NOT EXISTS `culampollamydb`.`tb_empleado` (
  `id_empleado` INT NOT NULL AUTO_INCREMENT,
  `nombre` VARCHAR(50) NULL,
  `apellidos` VARCHAR(100) NULL,
  PRIMARY KEY (`id_empleado`))
ENGINE = InnoDB;


-- -----------------------------------------------------
-- Table `culampollamydb`.`tb_colorvidrio`
-- -----------------------------------------------------
DROP TABLE IF EXISTS `culampollamydb`.`tb_colorvidrio` ;

CREATE TABLE IF NOT EXISTS `culampollamydb`.`tb_colorvidrio` (
  `id_colorvidrio` INT NOT NULL AUTO_INCREMENT,
  `color` VARCHAR(45) NULL,
  PRIMARY KEY (`id_colorvidrio`))
ENGINE = InnoDB;


-- -----------------------------------------------------
-- Table `culampollamydb`.`tb_gafasvendidas`
-- -----------------------------------------------------
DROP TABLE IF EXISTS `culampollamydb`.`tb_gafasvendidas` ;

CREATE TABLE IF NOT EXISTS `culampollamydb`.`tb_gafasvendidas` (
  `id_gafasvendidas` INT NOT NULL AUTO_INCREMENT,
  `tipogafas_id` INT NULL,
  `gradvidrio_izq` FLOAT NULL,
  `gradvidrio_der` FLOAT NULL,
  `colorvidrio_izq` INT NULL DEFAULT 1,
  `colorvidrio_der` INT NULL DEFAULT 1,
  `empleado_id` INT NULL,
  `cliente_id` INT NULL,
  INDEX `ermpleado_idx_idx` (`empleado_id` ASC) VISIBLE,
  INDEX `cliente_idx_idx` (`cliente_id` ASC) VISIBLE,
  INDEX `tipogafas_idx_idx` (`tipogafas_id` ASC) VISIBLE,
  PRIMARY KEY (`id_gafasvendidas`),
  INDEX `colorVidrioizq_idx` (`colorvidrio_izq` ASC) VISIBLE,
  INDEX `colorVidrioder_idx` (`colorvidrio_der` ASC) VISIBLE,
  CONSTRAINT `empleado_idx`
    FOREIGN KEY (`empleado_id`)
    REFERENCES `culampollamydb`.`tb_empleado` (`id_empleado`)
    ON DELETE NO ACTION
    ON UPDATE NO ACTION,
  CONSTRAINT `cliente_idx`
    FOREIGN KEY (`cliente_id`)
    REFERENCES `culampollamydb`.`tb_clientes` (`id_clientes`)
    ON DELETE NO ACTION
    ON UPDATE NO ACTION,
  CONSTRAINT `tipogafas_idx`
    FOREIGN KEY (`tipogafas_id`)
    REFERENCES `culampollamydb`.`tb_gafas` (`id_tipogafas`)
    ON DELETE NO ACTION
    ON UPDATE NO ACTION,
  CONSTRAINT `colorVidrioizq`
    FOREIGN KEY (`colorvidrio_izq`)
    REFERENCES `culampollamydb`.`tb_colorvidrio` (`id_colorvidrio`)
    ON DELETE NO ACTION
    ON UPDATE NO ACTION,
  CONSTRAINT `colorVidrioder`
    FOREIGN KEY (`colorvidrio_der`)
    REFERENCES `culampollamydb`.`tb_colorvidrio` (`id_colorvidrio`)
    ON DELETE NO ACTION
    ON UPDATE NO ACTION)
ENGINE = InnoDB;


SET SQL_MODE=@OLD_SQL_MODE;
SET FOREIGN_KEY_CHECKS=@OLD_FOREIGN_KEY_CHECKS;
SET UNIQUE_CHECKS=@OLD_UNIQUE_CHECKS;

-- -----------------------------------------------------
-- Data for table `culampollamydb`.`tb_pais`
-- -----------------------------------------------------
START TRANSACTION;
USE `culampollamydb`;
INSERT INTO `culampollamydb`.`tb_pais` (`idtb_pais`, `pais`, `cod_iso2`, `cod_iso3`) VALUES (1, 'España', 'ES', 'ESP');
INSERT INTO `culampollamydb`.`tb_pais` (`idtb_pais`, `pais`, `cod_iso2`, `cod_iso3`) VALUES (2, 'Andorra', 'AD', 'AND');
INSERT INTO `culampollamydb`.`tb_pais` (`idtb_pais`, `pais`, `cod_iso2`, `cod_iso3`) VALUES (3, 'Alemania', 'DE', 'DEU');
INSERT INTO `culampollamydb`.`tb_pais` (`idtb_pais`, `pais`, `cod_iso2`, `cod_iso3`) VALUES (4, 'Austria', 'AU', 'AUS');
INSERT INTO `culampollamydb`.`tb_pais` (`idtb_pais`, `pais`, `cod_iso2`, `cod_iso3`) VALUES (5, 'Belgica', 'BE', 'BEL');
INSERT INTO `culampollamydb`.`tb_pais` (`idtb_pais`, `pais`, `cod_iso2`, `cod_iso3`) VALUES (6, 'Francia', 'FR', 'FRA');
INSERT INTO `culampollamydb`.`tb_pais` (`idtb_pais`, `pais`, `cod_iso2`, `cod_iso3`) VALUES (7, 'Grecia', 'GR', 'GRC');
INSERT INTO `culampollamydb`.`tb_pais` (`idtb_pais`, `pais`, `cod_iso2`, `cod_iso3`) VALUES (8, 'Irlanda', 'IE', 'IRL');
INSERT INTO `culampollamydb`.`tb_pais` (`idtb_pais`, `pais`, `cod_iso2`, `cod_iso3`) VALUES (9, 'Italia', 'IT', 'ITA');
INSERT INTO `culampollamydb`.`tb_pais` (`idtb_pais`, `pais`, `cod_iso2`, `cod_iso3`) VALUES (10, 'Noruega', 'NO', 'NOR');

COMMIT;


-- -----------------------------------------------------
-- Data for table `culampollamydb`.`tb_provincia`
-- -----------------------------------------------------
START TRANSACTION;
USE `culampollamydb`;
INSERT INTO `culampollamydb`.`tb_provincia` (`idtb_provincia`, `codprovincia`, `nomprovincia`, `pais_id`) VALUES (1, '02', 'Albacete', 1);
INSERT INTO `culampollamydb`.`tb_provincia` (`idtb_provincia`, `codprovincia`, `nomprovincia`, `pais_id`) VALUES (2, '03', 'Alicante', 1);
INSERT INTO `culampollamydb`.`tb_provincia` (`idtb_provincia`, `codprovincia`, `nomprovincia`, `pais_id`) VALUES (3, '04', 'Almeria', 1);
INSERT INTO `culampollamydb`.`tb_provincia` (`idtb_provincia`, `codprovincia`, `nomprovincia`, `pais_id`) VALUES (4, '01', 'Araba', 1);
INSERT INTO `culampollamydb`.`tb_provincia` (`idtb_provincia`, `codprovincia`, `nomprovincia`, `pais_id`) VALUES (5, '33', 'Asturias', 1);
INSERT INTO `culampollamydb`.`tb_provincia` (`idtb_provincia`, `codprovincia`, `nomprovincia`, `pais_id`) VALUES (6, '05', 'Asturias', 1);
INSERT INTO `culampollamydb`.`tb_provincia` (`idtb_provincia`, `codprovincia`, `nomprovincia`, `pais_id`) VALUES (7, '06', 'Badajoz', 1);
INSERT INTO `culampollamydb`.`tb_provincia` (`idtb_provincia`, `codprovincia`, `nomprovincia`, `pais_id`) VALUES (8, '07', 'Islas baleares', 1);
INSERT INTO `culampollamydb`.`tb_provincia` (`idtb_provincia`, `codprovincia`, `nomprovincia`, `pais_id`) VALUES (9, '08', 'Barcelona', 1);
INSERT INTO `culampollamydb`.`tb_provincia` (`idtb_provincia`, `codprovincia`, `nomprovincia`, `pais_id`) VALUES (10, '48', 'Vizcaya', 1);
INSERT INTO `culampollamydb`.`tb_provincia` (`idtb_provincia`, `codprovincia`, `nomprovincia`, `pais_id`) VALUES (11, '09', 'Burgos', 1);
INSERT INTO `culampollamydb`.`tb_provincia` (`idtb_provincia`, `codprovincia`, `nomprovincia`, `pais_id`) VALUES (12, '10', 'Caceres', 1);
INSERT INTO `culampollamydb`.`tb_provincia` (`idtb_provincia`, `codprovincia`, `nomprovincia`, `pais_id`) VALUES (13, '11', 'Cadiz', 1);
INSERT INTO `culampollamydb`.`tb_provincia` (`idtb_provincia`, `codprovincia`, `nomprovincia`, `pais_id`) VALUES (14, '39', 'Cantabria', 1);
INSERT INTO `culampollamydb`.`tb_provincia` (`idtb_provincia`, `codprovincia`, `nomprovincia`, `pais_id`) VALUES (15, '12', 'Castellon', 1);
INSERT INTO `culampollamydb`.`tb_provincia` (`idtb_provincia`, `codprovincia`, `nomprovincia`, `pais_id`) VALUES (16, '13', 'Ciudad Real', 1);
INSERT INTO `culampollamydb`.`tb_provincia` (`idtb_provincia`, `codprovincia`, `nomprovincia`, `pais_id`) VALUES (17, '14', 'Cordoba', 1);
INSERT INTO `culampollamydb`.`tb_provincia` (`idtb_provincia`, `codprovincia`, `nomprovincia`, `pais_id`) VALUES (18, '15', 'La Coruña', 1);
INSERT INTO `culampollamydb`.`tb_provincia` (`idtb_provincia`, `codprovincia`, `nomprovincia`, `pais_id`) VALUES (19, '16', 'Cuenca', 1);
INSERT INTO `culampollamydb`.`tb_provincia` (`idtb_provincia`, `codprovincia`, `nomprovincia`, `pais_id`) VALUES (20, '20', 'Gipuzkoa', 1);
INSERT INTO `culampollamydb`.`tb_provincia` (`idtb_provincia`, `codprovincia`, `nomprovincia`, `pais_id`) VALUES (21, '17', 'Girona', 1);
INSERT INTO `culampollamydb`.`tb_provincia` (`idtb_provincia`, `codprovincia`, `nomprovincia`, `pais_id`) VALUES (22, '18', 'Granada', 1);
INSERT INTO `culampollamydb`.`tb_provincia` (`idtb_provincia`, `codprovincia`, `nomprovincia`, `pais_id`) VALUES (23, '19', 'Guadalajara', 1);
INSERT INTO `culampollamydb`.`tb_provincia` (`idtb_provincia`, `codprovincia`, `nomprovincia`, `pais_id`) VALUES (24, '21', 'Huelva', 1);
INSERT INTO `culampollamydb`.`tb_provincia` (`idtb_provincia`, `codprovincia`, `nomprovincia`, `pais_id`) VALUES (25, '22', 'Huesca', 1);
INSERT INTO `culampollamydb`.`tb_provincia` (`idtb_provincia`, `codprovincia`, `nomprovincia`, `pais_id`) VALUES (26, '23', 'Jaen', 1);
INSERT INTO `culampollamydb`.`tb_provincia` (`idtb_provincia`, `codprovincia`, `nomprovincia`, `pais_id`) VALUES (27, '24', 'Leon', 1);
INSERT INTO `culampollamydb`.`tb_provincia` (`idtb_provincia`, `codprovincia`, `nomprovincia`, `pais_id`) VALUES (28, '25', 'Lleida', 1);
INSERT INTO `culampollamydb`.`tb_provincia` (`idtb_provincia`, `codprovincia`, `nomprovincia`, `pais_id`) VALUES (29, '27', 'Lugo', 1);
INSERT INTO `culampollamydb`.`tb_provincia` (`idtb_provincia`, `codprovincia`, `nomprovincia`, `pais_id`) VALUES (30, '28', 'Madrid', 1);
INSERT INTO `culampollamydb`.`tb_provincia` (`idtb_provincia`, `codprovincia`, `nomprovincia`, `pais_id`) VALUES (31, '29', 'Malaga', 1);
INSERT INTO `culampollamydb`.`tb_provincia` (`idtb_provincia`, `codprovincia`, `nomprovincia`, `pais_id`) VALUES (32, '30', 'Murcia', 1);
INSERT INTO `culampollamydb`.`tb_provincia` (`idtb_provincia`, `codprovincia`, `nomprovincia`, `pais_id`) VALUES (33, '31', 'Navarra', 1);
INSERT INTO `culampollamydb`.`tb_provincia` (`idtb_provincia`, `codprovincia`, `nomprovincia`, `pais_id`) VALUES (34, '32', 'Ourense', 1);
INSERT INTO `culampollamydb`.`tb_provincia` (`idtb_provincia`, `codprovincia`, `nomprovincia`, `pais_id`) VALUES (35, '34', 'Palencia', 1);
INSERT INTO `culampollamydb`.`tb_provincia` (`idtb_provincia`, `codprovincia`, `nomprovincia`, `pais_id`) VALUES (36, '35', 'Las Palmas', 1);
INSERT INTO `culampollamydb`.`tb_provincia` (`idtb_provincia`, `codprovincia`, `nomprovincia`, `pais_id`) VALUES (37, '36', 'Pontevedra', 1);
INSERT INTO `culampollamydb`.`tb_provincia` (`idtb_provincia`, `codprovincia`, `nomprovincia`, `pais_id`) VALUES (38, '26', 'La Rioja', 1);
INSERT INTO `culampollamydb`.`tb_provincia` (`idtb_provincia`, `codprovincia`, `nomprovincia`, `pais_id`) VALUES (39, '37', 'Salamanca', 1);
INSERT INTO `culampollamydb`.`tb_provincia` (`idtb_provincia`, `codprovincia`, `nomprovincia`, `pais_id`) VALUES (40, '39', 'Santa Cruz de Tenerife', 1);
INSERT INTO `culampollamydb`.`tb_provincia` (`idtb_provincia`, `codprovincia`, `nomprovincia`, `pais_id`) VALUES (41, '40', 'Segovia', 1);
INSERT INTO `culampollamydb`.`tb_provincia` (`idtb_provincia`, `codprovincia`, `nomprovincia`, `pais_id`) VALUES (42, '41', 'Sevilla', 1);
INSERT INTO `culampollamydb`.`tb_provincia` (`idtb_provincia`, `codprovincia`, `nomprovincia`, `pais_id`) VALUES (43, '42', 'Soria', 1);
INSERT INTO `culampollamydb`.`tb_provincia` (`idtb_provincia`, `codprovincia`, `nomprovincia`, `pais_id`) VALUES (44, '43', 'Tarragona', 1);
INSERT INTO `culampollamydb`.`tb_provincia` (`idtb_provincia`, `codprovincia`, `nomprovincia`, `pais_id`) VALUES (45, '44', 'Teruel', 1);
INSERT INTO `culampollamydb`.`tb_provincia` (`idtb_provincia`, `codprovincia`, `nomprovincia`, `pais_id`) VALUES (46, '45', 'Toledo', 1);
INSERT INTO `culampollamydb`.`tb_provincia` (`idtb_provincia`, `codprovincia`, `nomprovincia`, `pais_id`) VALUES (47, '46', 'Valencia', 1);
INSERT INTO `culampollamydb`.`tb_provincia` (`idtb_provincia`, `codprovincia`, `nomprovincia`, `pais_id`) VALUES (48, '47', 'Valladolid', 1);
INSERT INTO `culampollamydb`.`tb_provincia` (`idtb_provincia`, `codprovincia`, `nomprovincia`, `pais_id`) VALUES (49, '49', 'Zamora', 1);
INSERT INTO `culampollamydb`.`tb_provincia` (`idtb_provincia`, `codprovincia`, `nomprovincia`, `pais_id`) VALUES (50, '50', 'Zaragoza', 1);
INSERT INTO `culampollamydb`.`tb_provincia` (`idtb_provincia`, `codprovincia`, `nomprovincia`, `pais_id`) VALUES (51, '51', 'Ceuta', 1);
INSERT INTO `culampollamydb`.`tb_provincia` (`idtb_provincia`, `codprovincia`, `nomprovincia`, `pais_id`) VALUES (52, '52', 'Melilla', 1);

COMMIT;


-- -----------------------------------------------------
-- Data for table `culampollamydb`.`tb_codigopostal`
-- -----------------------------------------------------
START TRANSACTION;
USE `culampollamydb`;
INSERT INTO `culampollamydb`.`tb_codigopostal` (`idtb_codigopostal`, `codigopostal`, `poblacion`, `provincia_id`, `pais_id`) VALUES (1, '08620', 'Sant vicenç dels horts', 9, 1);
INSERT INTO `culampollamydb`.`tb_codigopostal` (`idtb_codigopostal`, `codigopostal`, `poblacion`, `provincia_id`, `pais_id`) VALUES (2, '08038', 'Barcelona', 9, 1);
INSERT INTO `culampollamydb`.`tb_codigopostal` (`idtb_codigopostal`, `codigopostal`, `poblacion`, `provincia_id`, `pais_id`) VALUES (3, '08027', 'Barcelona', 9, 1);
INSERT INTO `culampollamydb`.`tb_codigopostal` (`idtb_codigopostal`, `codigopostal`, `poblacion`, `provincia_id`, `pais_id`) VALUES (4, '20010', 'Madrid', 30, 1);

COMMIT;


-- -----------------------------------------------------
-- Data for table `culampollamydb`.`tb_proveedores`
-- -----------------------------------------------------
START TRANSACTION;
USE `culampollamydb`;
INSERT INTO `culampollamydb`.`tb_proveedores` (`idproveedores`, `nombre`, `nif`, `direccion`, `ciudad`, `codigopostal_id`, `pais_id`) VALUES (1, 'Proovedor 1', '12345678a', 'granvia 200', 'Barcelona', 3, 1);
INSERT INTO `culampollamydb`.`tb_proveedores` (`idproveedores`, `nombre`, `nif`, `direccion`, `ciudad`, `codigopostal_id`, `pais_id`) VALUES (2, 'Proveedor 2', '12345678b', 'numancia 150', 'Barcelona', 2, 1);
INSERT INTO `culampollamydb`.`tb_proveedores` (`idproveedores`, `nombre`, `nif`, `direccion`, `ciudad`, `codigopostal_id`, `pais_id`) VALUES (3, 'Proveedor 3', '12345678c', 'Angel guimerà', 'Sant vicençcDels horts', 1, 1);
INSERT INTO `culampollamydb`.`tb_proveedores` (`idproveedores`, `nombre`, `nif`, `direccion`, `ciudad`, `codigopostal_id`, `pais_id`) VALUES (4, 'Proveedor 4', '12345678d', 'granvia 132', 'Madrid', 4, 1);

COMMIT;


-- -----------------------------------------------------
-- Data for table `culampollamydb`.`tb_clientes`
-- -----------------------------------------------------
START TRANSACTION;
USE `culampollamydb`;
INSERT INTO `culampollamydb`.`tb_clientes` (`id_clientes`, `nombre`, `apellidos`, `direccion`, `codigopostal_id`, `telefono`, `email`, `fecha_registro`) VALUES (1, 'Juan', 'Garcia Perez', NULL, 08038, '654089965', 'juan.garcia@gmail.com', '2021/01/13');
INSERT INTO `culampollamydb`.`tb_clientes` (`id_clientes`, `nombre`, `apellidos`, `direccion`, `codigopostal_id`, `telefono`, `email`, `fecha_registro`) VALUES (2, 'Sito', 'Pons', NULL, 08080, '669451502', 'sitopons@gmail.com', '2021/01/13');
INSERT INTO `culampollamydb`.`tb_clientes` (`id_clientes`, `nombre`, `apellidos`, `direccion`, `codigopostal_id`, `telefono`, `email`, `fecha_registro`) VALUES (3, 'Alex', 'Criville', NULL, 08080, '669451505', 'acriville@gmail.com', '2021/01/13');
INSERT INTO `culampollamydb`.`tb_clientes` (`id_clientes`, `nombre`, `apellidos`, `direccion`, `codigopostal_id`, `telefono`, `email`, `fecha_registro`) VALUES (4, 'Kevin', 'Schwanz', NULL, 08015, '669451525', 'kevin@gmail.com', '2021/01/13');
INSERT INTO `culampollamydb`.`tb_clientes` (`id_clientes`, `nombre`, `apellidos`, `direccion`, `codigopostal_id`, `telefono`, `email`, `fecha_registro`) VALUES (5, 'Marc', 'Marzquez', NULL, 08069, '669451548', 'mmarquez@gmail.com', '2021/01/13');

COMMIT;


-- -----------------------------------------------------
-- Data for table `culampollamydb`.`tb_marca`
-- -----------------------------------------------------
START TRANSACTION;
USE `culampollamydb`;
INSERT INTO `culampollamydb`.`tb_marca` (`id_marca`, `nombremarca`, `proveedor_id`) VALUES (1, 'Oklay', 1);
INSERT INTO `culampollamydb`.`tb_marca` (`id_marca`, `nombremarca`, `proveedor_id`) VALUES (2, 'Rayban', 2);
INSERT INTO `culampollamydb`.`tb_marca` (`id_marca`, `nombremarca`, `proveedor_id`) VALUES (3, 'Prada', 1);
INSERT INTO `culampollamydb`.`tb_marca` (`id_marca`, `nombremarca`, `proveedor_id`) VALUES (4, 'Polo', 4);
INSERT INTO `culampollamydb`.`tb_marca` (`id_marca`, `nombremarca`, `proveedor_id`) VALUES (5, 'Cibie', 2);

COMMIT;


-- -----------------------------------------------------
-- Data for table `culampollamydb`.`tb_recomendados`
-- -----------------------------------------------------
START TRANSACTION;
USE `culampollamydb`;
INSERT INTO `culampollamydb`.`tb_recomendados` (`id_cliente`, `id_recomendado`) VALUES (1, 2);
INSERT INTO `culampollamydb`.`tb_recomendados` (`id_cliente`, `id_recomendado`) VALUES (1, 5);
INSERT INTO `culampollamydb`.`tb_recomendados` (`id_cliente`, `id_recomendado`) VALUES (2, 3);
INSERT INTO `culampollamydb`.`tb_recomendados` (`id_cliente`, `id_recomendado`) VALUES (3, 4);

COMMIT;


-- -----------------------------------------------------
-- Data for table `culampollamydb`.`tb_tipomontura`
-- -----------------------------------------------------
START TRANSACTION;
USE `culampollamydb`;
INSERT INTO `culampollamydb`.`tb_tipomontura` (`id_tipo_montura`, `tipo`) VALUES (1, 'Pasta');
INSERT INTO `culampollamydb`.`tb_tipomontura` (`id_tipo_montura`, `tipo`) VALUES (2, 'Metálica');
INSERT INTO `culampollamydb`.`tb_tipomontura` (`id_tipo_montura`, `tipo`) VALUES (3, 'Flotante');

COMMIT;


-- -----------------------------------------------------
-- Data for table `culampollamydb`.`tb_gafas`
-- -----------------------------------------------------
START TRANSACTION;
USE `culampollamydb`;
INSERT INTO `culampollamydb`.`tb_gafas` (`id_tipogafas`, `modelo`, `marca_id`, `tipo_montura_id`, `color`, `precio`) VALUES (1, 'Azabache especial ', 1, 1, 'Verde Esmeralda', 150);
INSERT INTO `culampollamydb`.`tb_gafas` (`id_tipogafas`, `modelo`, `marca_id`, `tipo_montura_id`, `color`, `precio`) VALUES (2, 'Azabache especial', 1, 1, 'Azul Lapislazuli', 150);
INSERT INTO `culampollamydb`.`tb_gafas` (`id_tipogafas`, `modelo`, `marca_id`, `tipo_montura_id`, `color`, `precio`) VALUES (3, 'Azabache especial', 1, 1, 'Rojo Azalea', 150);
INSERT INTO `culampollamydb`.`tb_gafas` (`id_tipogafas`, `modelo`, `marca_id`, `tipo_montura_id`, `color`, `precio`) VALUES (4, 'Sport', 3, 2, 'Blanco Nevada', 200);
INSERT INTO `culampollamydb`.`tb_gafas` (`id_tipogafas`, `modelo`, `marca_id`, `tipo_montura_id`, `color`, `precio`) VALUES (5, 'Sport', 3, 2, 'Negro Magico', 200);
INSERT INTO `culampollamydb`.`tb_gafas` (`id_tipogafas`, `modelo`, `marca_id`, `tipo_montura_id`, `color`, `precio`) VALUES (6, 'Gentelman', 2, 3, 'Oro', 180);
INSERT INTO `culampollamydb`.`tb_gafas` (`id_tipogafas`, `modelo`, `marca_id`, `tipo_montura_id`, `color`, `precio`) VALUES (7, 'Gentelman', 2, 3, 'Plata', 180);
INSERT INTO `culampollamydb`.`tb_gafas` (`id_tipogafas`, `modelo`, `marca_id`, `tipo_montura_id`, `color`, `precio`) VALUES (8, 'Baby', 4, 2, 'Naranja electrico', 100);
INSERT INTO `culampollamydb`.`tb_gafas` (`id_tipogafas`, `modelo`, `marca_id`, `tipo_montura_id`, `color`, `precio`) VALUES (9, 'Combat', 1, 1, 'Rojo - Negro', 120);
INSERT INTO `culampollamydb`.`tb_gafas` (`id_tipogafas`, `modelo`, `marca_id`, `tipo_montura_id`, `color`, `precio`) VALUES (10, 'Aviador', 1, 2, 'Negro', 130);

COMMIT;


-- -----------------------------------------------------
-- Data for table `culampollamydb`.`tb_empleado`
-- -----------------------------------------------------
START TRANSACTION;
USE `culampollamydb`;
INSERT INTO `culampollamydb`.`tb_empleado` (`id_empleado`, `nombre`, `apellidos`) VALUES (1, 'Juan', 'Martinez Heredia');
INSERT INTO `culampollamydb`.`tb_empleado` (`id_empleado`, `nombre`, `apellidos`) VALUES (2, 'Luis', 'Blasco Marin');
INSERT INTO `culampollamydb`.`tb_empleado` (`id_empleado`, `nombre`, `apellidos`) VALUES (3, 'Teresa', 'Perez Blanco');

COMMIT;


-- -----------------------------------------------------
-- Data for table `culampollamydb`.`tb_colorvidrio`
-- -----------------------------------------------------
START TRANSACTION;
USE `culampollamydb`;
INSERT INTO `culampollamydb`.`tb_colorvidrio` (`id_colorvidrio`, `color`) VALUES (1, 'Transparente');
INSERT INTO `culampollamydb`.`tb_colorvidrio` (`id_colorvidrio`, `color`) VALUES (2, 'Azul');
INSERT INTO `culampollamydb`.`tb_colorvidrio` (`id_colorvidrio`, `color`) VALUES (3, 'Verde');
INSERT INTO `culampollamydb`.`tb_colorvidrio` (`id_colorvidrio`, `color`) VALUES (4, 'Negro 20%');
INSERT INTO `culampollamydb`.`tb_colorvidrio` (`id_colorvidrio`, `color`) VALUES (5, 'Negro 50%');
INSERT INTO `culampollamydb`.`tb_colorvidrio` (`id_colorvidrio`, `color`) VALUES (6, 'Negro 75%');

COMMIT;


-- -----------------------------------------------------
-- Data for table `culampollamydb`.`tb_gafasvendidas`
-- -----------------------------------------------------
START TRANSACTION;
USE `culampollamydb`;
INSERT INTO `culampollamydb`.`tb_gafasvendidas` (`id_gafasvendidas`, `tipogafas_id`, `gradvidrio_izq`, `gradvidrio_der`, `colorvidrio_izq`, `colorvidrio_der`, `empleado_id`, `cliente_id`) VALUES (1, 1, 2.5, 3, 1, 1, 1, 2);
INSERT INTO `culampollamydb`.`tb_gafasvendidas` (`id_gafasvendidas`, `tipogafas_id`, `gradvidrio_izq`, `gradvidrio_der`, `colorvidrio_izq`, `colorvidrio_der`, `empleado_id`, `cliente_id`) VALUES (2, 1, 3, 4.25, 2, 2, 2, 1);
INSERT INTO `culampollamydb`.`tb_gafasvendidas` (`id_gafasvendidas`, `tipogafas_id`, `gradvidrio_izq`, `gradvidrio_der`, `colorvidrio_izq`, `colorvidrio_der`, `empleado_id`, `cliente_id`) VALUES (3, 2, 3, 3, 3, 3, 1, 2);
INSERT INTO `culampollamydb`.`tb_gafasvendidas` (`id_gafasvendidas`, `tipogafas_id`, `gradvidrio_izq`, `gradvidrio_der`, `colorvidrio_izq`, `colorvidrio_der`, `empleado_id`, `cliente_id`) VALUES (4, 10, 0, 0, 5, 5, 1, 5);
INSERT INTO `culampollamydb`.`tb_gafasvendidas` (`id_gafasvendidas`, `tipogafas_id`, `gradvidrio_izq`, `gradvidrio_der`, `colorvidrio_izq`, `colorvidrio_der`, `empleado_id`, `cliente_id`) VALUES (5, 8, 1.25, 0.25, 4, 4, 2, 4);
INSERT INTO `culampollamydb`.`tb_gafasvendidas` (`id_gafasvendidas`, `tipogafas_id`, `gradvidrio_izq`, `gradvidrio_der`, `colorvidrio_izq`, `colorvidrio_der`, `empleado_id`, `cliente_id`) VALUES (6, 7, 1.25, 0.25, 1, 1, 2, 4);
INSERT INTO `culampollamydb`.`tb_gafasvendidas` (`id_gafasvendidas`, `tipogafas_id`, `gradvidrio_izq`, `gradvidrio_der`, `colorvidrio_izq`, `colorvidrio_der`, `empleado_id`, `cliente_id`) VALUES (7, 4, 2, 2, 2, 2, 3, 6);
INSERT INTO `culampollamydb`.`tb_gafasvendidas` (`id_gafasvendidas`, `tipogafas_id`, `gradvidrio_izq`, `gradvidrio_der`, `colorvidrio_izq`, `colorvidrio_der`, `empleado_id`, `cliente_id`) VALUES (8, 7, 2, 2, 2, 2, 3, 6);
INSERT INTO `culampollamydb`.`tb_gafasvendidas` (`id_gafasvendidas`, `tipogafas_id`, `gradvidrio_izq`, `gradvidrio_der`, `colorvidrio_izq`, `colorvidrio_der`, `empleado_id`, `cliente_id`) VALUES (9, 5, 0.25, 1.25, 1, 1, 2, 7);

COMMIT;

