-- MySQL Script generated by MySQL Workbench
-- Wed Jan 27 11:06:17 2021
-- Model: New Model    Version: 1.0
-- MySQL Workbench Forward Engineering

SET @OLD_UNIQUE_CHECKS=@@UNIQUE_CHECKS, UNIQUE_CHECKS=0;
SET @OLD_FOREIGN_KEY_CHECKS=@@FOREIGN_KEY_CHECKS, FOREIGN_KEY_CHECKS=0;
SET @OLD_SQL_MODE=@@SQL_MODE, SQL_MODE='ONLY_FULL_GROUP_BY,STRICT_TRANS_TABLES,NO_ZERO_IN_DATE,NO_ZERO_DATE,ERROR_FOR_DIVISION_BY_ZERO,NO_ENGINE_SUBSTITUTION';

-- -----------------------------------------------------
-- Schema youtube
-- -----------------------------------------------------

-- -----------------------------------------------------
-- Schema youtube
-- -----------------------------------------------------
CREATE SCHEMA IF NOT EXISTS `youtube` DEFAULT CHARACTER SET utf8 ;
USE `youtube` ;

-- -----------------------------------------------------
-- Table `youtube`.`tb_pais`
-- -----------------------------------------------------
DROP TABLE IF EXISTS `youtube`.`tb_pais` ;

CREATE TABLE IF NOT EXISTS `youtube`.`tb_pais` (
  `idtb_pais` INT NOT NULL AUTO_INCREMENT,
  `pais` VARCHAR(45) NULL,
  `iso_pais2` VARCHAR(2) NULL,
  `iso_pais3` VARCHAR(3) NULL,
  PRIMARY KEY (`idtb_pais`))
ENGINE = InnoDB;


-- -----------------------------------------------------
-- Table `youtube`.`tb_provincia`
-- -----------------------------------------------------
DROP TABLE IF EXISTS `youtube`.`tb_provincia` ;

CREATE TABLE IF NOT EXISTS `youtube`.`tb_provincia` (
  `idtb_provincia` INT NOT NULL AUTO_INCREMENT,
  `codprovincia` VARCHAR(5) NULL,
  `nomprovincia` VARCHAR(45) NULL,
  `pais` INT NULL,
  PRIMARY KEY (`idtb_provincia`),
  INDEX `fk_provincia_pais_id_idx` (`pais` ASC) VISIBLE,
  CONSTRAINT `fk_provincia_pais_id`
    FOREIGN KEY (`pais`)
    REFERENCES `youtube`.`tb_pais` (`idtb_pais`)
    ON DELETE NO ACTION
    ON UPDATE NO ACTION)
ENGINE = InnoDB;


-- -----------------------------------------------------
-- Table `youtube`.`tb_codigopostal`
-- -----------------------------------------------------
DROP TABLE IF EXISTS `youtube`.`tb_codigopostal` ;

CREATE TABLE IF NOT EXISTS `youtube`.`tb_codigopostal` (
  `idtb_codigopostal` INT NOT NULL AUTO_INCREMENT,
  `codigopostal` VARCHAR(45) NULL,
  `poblacion` VARCHAR(45) NULL,
  `idprovincia` INT NULL,
  `idpais` INT NULL,
  PRIMARY KEY (`idtb_codigopostal`),
  INDEX `fk_codpostal_pais_id_idx` (`idpais` ASC) VISIBLE,
  INDEX `fk_codpostal_provincia_id_idx` (`idprovincia` ASC) VISIBLE,
  CONSTRAINT `fk_codpostal_pais_id`
    FOREIGN KEY (`idpais`)
    REFERENCES `youtube`.`tb_pais` (`idtb_pais`)
    ON DELETE NO ACTION
    ON UPDATE NO ACTION,
  CONSTRAINT `fk_codpostal_provincia_id`
    FOREIGN KEY (`idprovincia`)
    REFERENCES `youtube`.`tb_provincia` (`idtb_provincia`)
    ON DELETE NO ACTION
    ON UPDATE NO ACTION)
ENGINE = InnoDB;


-- -----------------------------------------------------
-- Table `youtube`.`tb_usuario`
-- -----------------------------------------------------
DROP TABLE IF EXISTS `youtube`.`tb_usuario` ;

CREATE TABLE IF NOT EXISTS `youtube`.`tb_usuario` (
  `id_usuario` INT NOT NULL AUTO_INCREMENT,
  `nombreapellidos` VARCHAR(150) NULL,
  `nombreusuario` VARCHAR(45) NULL,
  `email` VARCHAR(45) NULL,
  `fechanacimiento` DATE NULL,
  `sexo` CHAR(1) NULL,
  `password` VARCHAR(45) NULL,
  `idpais` INT NULL,
  `idcodigopostal` INT NULL,
  UNIQUE INDEX `email_UNIQUE` (`email` ASC) VISIBLE,
  PRIMARY KEY (`id_usuario`),
  INDEX `fk_usuario_codpostal_id_idx` (`idcodigopostal` ASC) VISIBLE,
  INDEX `fk_usuario_pais_id_idx` (`idpais` ASC) VISIBLE,
  CONSTRAINT `fk_usuario_codpostal_id`
    FOREIGN KEY (`idcodigopostal`)
    REFERENCES `youtube`.`tb_codigopostal` (`idtb_codigopostal`)
    ON DELETE NO ACTION
    ON UPDATE NO ACTION,
  CONSTRAINT `fk_usuario_pais_id`
    FOREIGN KEY (`idpais`)
    REFERENCES `youtube`.`tb_pais` (`idtb_pais`)
    ON DELETE NO ACTION
    ON UPDATE NO ACTION)
ENGINE = InnoDB;


-- -----------------------------------------------------
-- Table `youtube`.`tb_estadosvideo`
-- -----------------------------------------------------
DROP TABLE IF EXISTS `youtube`.`tb_estadosvideo` ;

CREATE TABLE IF NOT EXISTS `youtube`.`tb_estadosvideo` (
  `id_estadosvideo` INT(2) NOT NULL AUTO_INCREMENT,
  `estado` VARCHAR(45) NULL,
  PRIMARY KEY (`id_estadosvideo`))
ENGINE = InnoDB;


-- -----------------------------------------------------
-- Table `youtube`.`tb_videos`
-- -----------------------------------------------------
DROP TABLE IF EXISTS `youtube`.`tb_videos` ;

CREATE TABLE IF NOT EXISTS `youtube`.`tb_videos` (
  `id_video` INT NOT NULL AUTO_INCREMENT,
  `titulo` VARCHAR(45) NOT NULL,
  `descripcion` VARCHAR(250) NOT NULL,
  `tamano` INT NULL,
  `archivo` VARCHAR(150) NULL,
  `duracion` TIME NULL,
  `thumbnail` BLOB NULL,
  `reproducciones` INT NULL,
  `estadosvideo_id` INT NULL DEFAULT 03,
  PRIMARY KEY (`id_video`),
  INDEX `estadosvideo_idx_idx` (`estadosvideo_id` ASC) VISIBLE,
  CONSTRAINT `fk_estadosvideo_id`
    FOREIGN KEY (`estadosvideo_id`)
    REFERENCES `youtube`.`tb_estadosvideo` (`id_estadosvideo`)
    ON DELETE RESTRICT
    ON UPDATE RESTRICT)
ENGINE = InnoDB;


-- -----------------------------------------------------
-- Table `youtube`.`tb_videospublicados`
-- -----------------------------------------------------
DROP TABLE IF EXISTS `youtube`.`tb_videospublicados` ;

CREATE TABLE IF NOT EXISTS `youtube`.`tb_videospublicados` (
  `usuario_id` INT NOT NULL,
  `video_id` INT NOT NULL,
  `fecha` TIMESTAMP NULL,
  PRIMARY KEY (`video_id`, `usuario_id`),
  INDEX `video_idx_idx` (`video_id` ASC) VISIBLE,
  CONSTRAINT `fk_videospub_usuario_id`
    FOREIGN KEY (`usuario_id`)
    REFERENCES `youtube`.`tb_usuario` (`id_usuario`)
    ON DELETE NO ACTION
    ON UPDATE NO ACTION,
  CONSTRAINT `fk_videospub_video_id`
    FOREIGN KEY (`video_id`)
    REFERENCES `youtube`.`tb_videos` (`id_video`)
    ON DELETE RESTRICT
    ON UPDATE CASCADE)
ENGINE = InnoDB;


-- -----------------------------------------------------
-- Table `youtube`.`tb_etiquetas_video`
-- -----------------------------------------------------
DROP TABLE IF EXISTS `youtube`.`tb_etiquetas_video` ;

CREATE TABLE IF NOT EXISTS `youtube`.`tb_etiquetas_video` (
  `id_etiquetas_video` INT NOT NULL AUTO_INCREMENT,
  `nombreetiqueta` VARCHAR(45) NOT NULL DEFAULT 'Video',
  PRIMARY KEY (`id_etiquetas_video`))
ENGINE = InnoDB;


-- -----------------------------------------------------
-- Table `youtube`.`tb_videosyetiquetas`
-- -----------------------------------------------------
DROP TABLE IF EXISTS `youtube`.`tb_videosyetiquetas` ;

CREATE TABLE IF NOT EXISTS `youtube`.`tb_videosyetiquetas` (
  `video_id` INT NOT NULL,
  `etiquetas_video_id` INT NOT NULL,
  PRIMARY KEY (`video_id`, `etiquetas_video_id`),
  INDEX `etiquetas_video_idx_idx` (`etiquetas_video_id` ASC) VISIBLE,
  CONSTRAINT `fk_vidyeti_video_id`
    FOREIGN KEY (`video_id`)
    REFERENCES `youtube`.`tb_videos` (`id_video`)
    ON DELETE NO ACTION
    ON UPDATE NO ACTION,
  CONSTRAINT `fk_vidyeti_etiquetas_video_id`
    FOREIGN KEY (`etiquetas_video_id`)
    REFERENCES `youtube`.`tb_etiquetas_video` (`id_etiquetas_video`)
    ON DELETE RESTRICT
    ON UPDATE CASCADE)
ENGINE = InnoDB;


-- -----------------------------------------------------
-- Table `youtube`.`tb_canal`
-- -----------------------------------------------------
DROP TABLE IF EXISTS `youtube`.`tb_canal` ;

CREATE TABLE IF NOT EXISTS `youtube`.`tb_canal` (
  `id_canal` INT NOT NULL AUTO_INCREMENT,
  `usuario_id` INT NULL,
  `nombre_canal` VARCHAR(45) NULL,
  `descripcion_canal` VARCHAR(250) NULL,
  `fecha_creacion` DATETIME NULL,
  PRIMARY KEY (`id_canal`),
  INDEX `usuario_idx_idx` (`usuario_id` ASC) VISIBLE,
  CONSTRAINT `fk_canal_usuario_id`
    FOREIGN KEY (`usuario_id`)
    REFERENCES `youtube`.`tb_usuario` (`id_usuario`)
    ON DELETE RESTRICT
    ON UPDATE CASCADE)
ENGINE = InnoDB;


-- -----------------------------------------------------
-- Table `youtube`.`tb_subscripcioncanal`
-- -----------------------------------------------------
DROP TABLE IF EXISTS `youtube`.`tb_subscripcioncanal` ;

CREATE TABLE IF NOT EXISTS `youtube`.`tb_subscripcioncanal` (
  `canal_id` INT NOT NULL,
  `usuario_id` INT NOT NULL,
  PRIMARY KEY (`canal_id`, `usuario_id`),
  INDEX `usuario_idx_idx` (`usuario_id` ASC) VISIBLE,
  CONSTRAINT `fk_subscripcion_canal_id`
    FOREIGN KEY (`canal_id`)
    REFERENCES `youtube`.`tb_canal` (`id_canal`)
    ON DELETE RESTRICT
    ON UPDATE CASCADE,
  CONSTRAINT `fk_subscripcion_usuario_id`
    FOREIGN KEY (`usuario_id`)
    REFERENCES `youtube`.`tb_usuario` (`id_usuario`)
    ON DELETE RESTRICT
    ON UPDATE CASCADE)
ENGINE = InnoDB;


-- -----------------------------------------------------
-- Table `youtube`.`tb_like_dislike`
-- -----------------------------------------------------
DROP TABLE IF EXISTS `youtube`.`tb_like_dislike` ;

CREATE TABLE IF NOT EXISTS `youtube`.`tb_like_dislike` (
  `id_like_dislike` TINYINT NOT NULL,
  `descripcion` VARCHAR(45) NULL,
  PRIMARY KEY (`id_like_dislike`))
ENGINE = InnoDB;


-- -----------------------------------------------------
-- Table `youtube`.`tb_resgistrolikevideos`
-- -----------------------------------------------------
DROP TABLE IF EXISTS `youtube`.`tb_resgistrolikevideos` ;

CREATE TABLE IF NOT EXISTS `youtube`.`tb_resgistrolikevideos` (
  `video_id` INT NOT NULL,
  `usuario_id` INT NOT NULL,
  `like_dislike_id` TINYINT NULL,
  `fecha` DATETIME NULL,
  INDEX `like_dislike_idx_idx` (`like_dislike_id` ASC) VISIBLE,
  PRIMARY KEY (`usuario_id`, `video_id`),
  INDEX `fk_video_id_idx` (`video_id` ASC) VISIBLE,
  CONSTRAINT `fk_registro_like_dislike_id`
    FOREIGN KEY (`like_dislike_id`)
    REFERENCES `youtube`.`tb_like_dislike` (`id_like_dislike`)
    ON DELETE RESTRICT
    ON UPDATE RESTRICT,
  CONSTRAINT `fk_registro_video_id`
    FOREIGN KEY (`video_id`)
    REFERENCES `youtube`.`tb_videos` (`id_video`)
    ON DELETE RESTRICT
    ON UPDATE CASCADE,
  CONSTRAINT `fk_registro_usuario_id`
    FOREIGN KEY (`usuario_id`)
    REFERENCES `youtube`.`tb_usuario` (`id_usuario`)
    ON DELETE RESTRICT
    ON UPDATE CASCADE)
ENGINE = InnoDB;


-- -----------------------------------------------------
-- Table `youtube`.`tb_comentariovideo`
-- -----------------------------------------------------
DROP TABLE IF EXISTS `youtube`.`tb_comentariovideo` ;

CREATE TABLE IF NOT EXISTS `youtube`.`tb_comentariovideo` (
  `id_comentariovideo` INT NOT NULL AUTO_INCREMENT,
  `usuario_id` INT NULL,
  `video_id` INT NULL,
  `comentario` VARCHAR(400) NULL,
  `fecha` DATETIME NULL,
  PRIMARY KEY (`id_comentariovideo`),
  INDEX `usuario_idx_idx` (`usuario_id` ASC) VISIBLE,
  INDEX `video_idx_idx` (`video_id` ASC) VISIBLE,
  CONSTRAINT `fk_comentario_usuario_id`
    FOREIGN KEY (`usuario_id`)
    REFERENCES `youtube`.`tb_usuario` (`id_usuario`)
    ON DELETE NO ACTION
    ON UPDATE NO ACTION,
  CONSTRAINT `fk_comentrario_video_id`
    FOREIGN KEY (`video_id`)
    REFERENCES `youtube`.`tb_videos` (`id_video`)
    ON DELETE CASCADE
    ON UPDATE CASCADE)
ENGINE = InnoDB;


-- -----------------------------------------------------
-- Table `youtube`.`tb_likescomentarios`
-- -----------------------------------------------------
DROP TABLE IF EXISTS `youtube`.`tb_likescomentarios` ;

CREATE TABLE IF NOT EXISTS `youtube`.`tb_likescomentarios` (
  `comentariovideo_id` INT NOT NULL,
  `usuario_id` INT NOT NULL,
  `like_dislike_id` TINYINT NULL,
  `fecha` DATETIME NULL DEFAULT now(),
  PRIMARY KEY (`comentariovideo_id`, `usuario_id`),
  INDEX `like_dislike_idx_idx` (`like_dislike_id` ASC) VISIBLE,
  INDEX `fk_lc_usuario_id_idx` (`usuario_id` ASC) VISIBLE,
  CONSTRAINT `fk_lc_like_dislike_id`
    FOREIGN KEY (`like_dislike_id`)
    REFERENCES `youtube`.`tb_like_dislike` (`id_like_dislike`)
    ON DELETE RESTRICT
    ON UPDATE RESTRICT,
  CONSTRAINT `fk_lc_comentariovideo_id`
    FOREIGN KEY (`comentariovideo_id`)
    REFERENCES `youtube`.`tb_comentariovideo` (`id_comentariovideo`)
    ON DELETE NO ACTION
    ON UPDATE NO ACTION,
  CONSTRAINT `fk_lc_usuario_id`
    FOREIGN KEY (`usuario_id`)
    REFERENCES `youtube`.`tb_usuario` (`id_usuario`)
    ON DELETE NO ACTION
    ON UPDATE NO ACTION)
ENGINE = InnoDB;


-- -----------------------------------------------------
-- Table `youtube`.`tb_playliststatus`
-- -----------------------------------------------------
DROP TABLE IF EXISTS `youtube`.`tb_playliststatus` ;

CREATE TABLE IF NOT EXISTS `youtube`.`tb_playliststatus` (
  `id_playliststatus` TINYINT NOT NULL,
  `status` VARCHAR(45) NULL,
  PRIMARY KEY (`id_playliststatus`))
ENGINE = InnoDB;


-- -----------------------------------------------------
-- Table `youtube`.`tb_playlist`
-- -----------------------------------------------------
DROP TABLE IF EXISTS `youtube`.`tb_playlist` ;

CREATE TABLE IF NOT EXISTS `youtube`.`tb_playlist` (
  `id_playlist` INT NOT NULL AUTO_INCREMENT,
  `usuario_id` INT NULL,
  `playlistname` VARCHAR(45) NULL,
  `playlistdate` DATE NULL,
  `playliststatus_id` TINYINT NULL,
  PRIMARY KEY (`id_playlist`),
  INDEX `fk_usuario_idx_idx` (`usuario_id` ASC) VISIBLE,
  INDEX `fk_playliststatus_idx` (`playliststatus_id` ASC) VISIBLE,
  CONSTRAINT `fk_playlist_usuario_id`
    FOREIGN KEY (`usuario_id`)
    REFERENCES `youtube`.`tb_usuario` (`id_usuario`)
    ON DELETE RESTRICT
    ON UPDATE CASCADE,
  CONSTRAINT `fk_playlist_playliststatus_id`
    FOREIGN KEY (`playliststatus_id`)
    REFERENCES `youtube`.`tb_playliststatus` (`id_playliststatus`)
    ON DELETE RESTRICT
    ON UPDATE RESTRICT)
ENGINE = InnoDB;


-- -----------------------------------------------------
-- Table `youtube`.`tb_videosplaylist`
-- -----------------------------------------------------
DROP TABLE IF EXISTS `youtube`.`tb_videosplaylist` ;

CREATE TABLE IF NOT EXISTS `youtube`.`tb_videosplaylist` (
  `playlist_id` INT NOT NULL,
  `video_id` INT NOT NULL,
  PRIMARY KEY (`playlist_id`, `video_id`),
  INDEX `fk_video_id_idx` (`video_id` ASC) VISIBLE,
  CONSTRAINT `fk_videos_playlist_id`
    FOREIGN KEY (`playlist_id`)
    REFERENCES `youtube`.`tb_playlist` (`id_playlist`)
    ON DELETE NO ACTION
    ON UPDATE NO ACTION,
  CONSTRAINT `fk_videos_video_id`
    FOREIGN KEY (`video_id`)
    REFERENCES `youtube`.`tb_videos` (`id_video`)
    ON DELETE RESTRICT
    ON UPDATE CASCADE)
ENGINE = InnoDB;


SET SQL_MODE=@OLD_SQL_MODE;
SET FOREIGN_KEY_CHECKS=@OLD_FOREIGN_KEY_CHECKS;
SET UNIQUE_CHECKS=@OLD_UNIQUE_CHECKS;

-- -----------------------------------------------------
-- Data for table `youtube`.`tb_pais`
-- -----------------------------------------------------
START TRANSACTION;
USE `youtube`;
INSERT INTO `youtube`.`tb_pais` (`idtb_pais`, `pais`, `iso_pais2`, `iso_pais3`) VALUES (1, 'España', 'ES', 'ESP');
INSERT INTO `youtube`.`tb_pais` (`idtb_pais`, `pais`, `iso_pais2`, `iso_pais3`) VALUES (2, 'Andorra', 'AD', 'AND');
INSERT INTO `youtube`.`tb_pais` (`idtb_pais`, `pais`, `iso_pais2`, `iso_pais3`) VALUES (3, 'Alemania', 'DE', 'DEU');
INSERT INTO `youtube`.`tb_pais` (`idtb_pais`, `pais`, `iso_pais2`, `iso_pais3`) VALUES (4, 'Austria', 'AU', 'AUS');
INSERT INTO `youtube`.`tb_pais` (`idtb_pais`, `pais`, `iso_pais2`, `iso_pais3`) VALUES (5, 'Belgica', 'BE', 'BEL');
INSERT INTO `youtube`.`tb_pais` (`idtb_pais`, `pais`, `iso_pais2`, `iso_pais3`) VALUES (6, 'Francia', 'FR', 'FRA');
INSERT INTO `youtube`.`tb_pais` (`idtb_pais`, `pais`, `iso_pais2`, `iso_pais3`) VALUES (7, 'Grecia', 'GR', 'GRC');
INSERT INTO `youtube`.`tb_pais` (`idtb_pais`, `pais`, `iso_pais2`, `iso_pais3`) VALUES (8, 'Irlanda', 'IE', 'IRL');
INSERT INTO `youtube`.`tb_pais` (`idtb_pais`, `pais`, `iso_pais2`, `iso_pais3`) VALUES (9, 'Italia', 'IT', 'ITA');
INSERT INTO `youtube`.`tb_pais` (`idtb_pais`, `pais`, `iso_pais2`, `iso_pais3`) VALUES (10, 'Noruega', 'NO', 'NOR');

COMMIT;


-- -----------------------------------------------------
-- Data for table `youtube`.`tb_provincia`
-- -----------------------------------------------------
START TRANSACTION;
USE `youtube`;
INSERT INTO `youtube`.`tb_provincia` (`idtb_provincia`, `codprovincia`, `nomprovincia`, `pais`) VALUES (1, '02', 'Albacete', 1);
INSERT INTO `youtube`.`tb_provincia` (`idtb_provincia`, `codprovincia`, `nomprovincia`, `pais`) VALUES (2, '03', 'Alicante', 1);
INSERT INTO `youtube`.`tb_provincia` (`idtb_provincia`, `codprovincia`, `nomprovincia`, `pais`) VALUES (3, '04', 'Almeria', 1);
INSERT INTO `youtube`.`tb_provincia` (`idtb_provincia`, `codprovincia`, `nomprovincia`, `pais`) VALUES (4, '01', 'Araba', 1);
INSERT INTO `youtube`.`tb_provincia` (`idtb_provincia`, `codprovincia`, `nomprovincia`, `pais`) VALUES (5, '33', 'Asturias', 1);
INSERT INTO `youtube`.`tb_provincia` (`idtb_provincia`, `codprovincia`, `nomprovincia`, `pais`) VALUES (6, '05', 'Asturias', 1);
INSERT INTO `youtube`.`tb_provincia` (`idtb_provincia`, `codprovincia`, `nomprovincia`, `pais`) VALUES (7, '06', 'Badajoz', 1);
INSERT INTO `youtube`.`tb_provincia` (`idtb_provincia`, `codprovincia`, `nomprovincia`, `pais`) VALUES (8, '07', 'Islas baleares', 1);
INSERT INTO `youtube`.`tb_provincia` (`idtb_provincia`, `codprovincia`, `nomprovincia`, `pais`) VALUES (9, '08', 'Barcelona', 1);
INSERT INTO `youtube`.`tb_provincia` (`idtb_provincia`, `codprovincia`, `nomprovincia`, `pais`) VALUES (10, '48', 'Vizcaya', 1);
INSERT INTO `youtube`.`tb_provincia` (`idtb_provincia`, `codprovincia`, `nomprovincia`, `pais`) VALUES (11, '09', 'Burgos', 1);
INSERT INTO `youtube`.`tb_provincia` (`idtb_provincia`, `codprovincia`, `nomprovincia`, `pais`) VALUES (12, '10', 'Caceres', 1);
INSERT INTO `youtube`.`tb_provincia` (`idtb_provincia`, `codprovincia`, `nomprovincia`, `pais`) VALUES (13, '11', 'Cadiz', 1);
INSERT INTO `youtube`.`tb_provincia` (`idtb_provincia`, `codprovincia`, `nomprovincia`, `pais`) VALUES (14, '39', 'Cantabria', 1);
INSERT INTO `youtube`.`tb_provincia` (`idtb_provincia`, `codprovincia`, `nomprovincia`, `pais`) VALUES (15, '12', 'Castellon', 1);
INSERT INTO `youtube`.`tb_provincia` (`idtb_provincia`, `codprovincia`, `nomprovincia`, `pais`) VALUES (16, '13', 'Ciudad Real', 1);
INSERT INTO `youtube`.`tb_provincia` (`idtb_provincia`, `codprovincia`, `nomprovincia`, `pais`) VALUES (17, '14', 'Cordoba', 1);
INSERT INTO `youtube`.`tb_provincia` (`idtb_provincia`, `codprovincia`, `nomprovincia`, `pais`) VALUES (18, '15', 'La Coruña', 1);
INSERT INTO `youtube`.`tb_provincia` (`idtb_provincia`, `codprovincia`, `nomprovincia`, `pais`) VALUES (19, '16', 'Cuenca', 1);
INSERT INTO `youtube`.`tb_provincia` (`idtb_provincia`, `codprovincia`, `nomprovincia`, `pais`) VALUES (20, '20', 'Gipuzkoa', 1);
INSERT INTO `youtube`.`tb_provincia` (`idtb_provincia`, `codprovincia`, `nomprovincia`, `pais`) VALUES (21, '17', 'Girona', 1);
INSERT INTO `youtube`.`tb_provincia` (`idtb_provincia`, `codprovincia`, `nomprovincia`, `pais`) VALUES (22, '18', 'Granada', 1);
INSERT INTO `youtube`.`tb_provincia` (`idtb_provincia`, `codprovincia`, `nomprovincia`, `pais`) VALUES (23, '19', 'Guadalajara', 1);
INSERT INTO `youtube`.`tb_provincia` (`idtb_provincia`, `codprovincia`, `nomprovincia`, `pais`) VALUES (24, '21', 'Huelva', 1);
INSERT INTO `youtube`.`tb_provincia` (`idtb_provincia`, `codprovincia`, `nomprovincia`, `pais`) VALUES (25, '22', 'Huesca', 1);
INSERT INTO `youtube`.`tb_provincia` (`idtb_provincia`, `codprovincia`, `nomprovincia`, `pais`) VALUES (26, '23', 'Jaen', 1);
INSERT INTO `youtube`.`tb_provincia` (`idtb_provincia`, `codprovincia`, `nomprovincia`, `pais`) VALUES (27, '24', 'Leon', 1);
INSERT INTO `youtube`.`tb_provincia` (`idtb_provincia`, `codprovincia`, `nomprovincia`, `pais`) VALUES (28, '25', 'Lleida', 1);
INSERT INTO `youtube`.`tb_provincia` (`idtb_provincia`, `codprovincia`, `nomprovincia`, `pais`) VALUES (29, '27', 'Lugo', 1);
INSERT INTO `youtube`.`tb_provincia` (`idtb_provincia`, `codprovincia`, `nomprovincia`, `pais`) VALUES (30, '28', 'Madrid', 1);
INSERT INTO `youtube`.`tb_provincia` (`idtb_provincia`, `codprovincia`, `nomprovincia`, `pais`) VALUES (31, '29', 'Malaga', 1);
INSERT INTO `youtube`.`tb_provincia` (`idtb_provincia`, `codprovincia`, `nomprovincia`, `pais`) VALUES (32, '30', 'Murcia', 1);
INSERT INTO `youtube`.`tb_provincia` (`idtb_provincia`, `codprovincia`, `nomprovincia`, `pais`) VALUES (33, '31', 'Navarra', 1);
INSERT INTO `youtube`.`tb_provincia` (`idtb_provincia`, `codprovincia`, `nomprovincia`, `pais`) VALUES (34, '32', 'Ourense', 1);
INSERT INTO `youtube`.`tb_provincia` (`idtb_provincia`, `codprovincia`, `nomprovincia`, `pais`) VALUES (35, '34', 'Palencia', 1);
INSERT INTO `youtube`.`tb_provincia` (`idtb_provincia`, `codprovincia`, `nomprovincia`, `pais`) VALUES (36, '35', 'Las Palmas', 1);
INSERT INTO `youtube`.`tb_provincia` (`idtb_provincia`, `codprovincia`, `nomprovincia`, `pais`) VALUES (37, '36', 'Pontevedra', 1);
INSERT INTO `youtube`.`tb_provincia` (`idtb_provincia`, `codprovincia`, `nomprovincia`, `pais`) VALUES (38, '26', 'La Rioja', 1);
INSERT INTO `youtube`.`tb_provincia` (`idtb_provincia`, `codprovincia`, `nomprovincia`, `pais`) VALUES (39, '37', 'Salamanca', 1);
INSERT INTO `youtube`.`tb_provincia` (`idtb_provincia`, `codprovincia`, `nomprovincia`, `pais`) VALUES (40, '39', 'Santa Cruz de Tenerife', 1);
INSERT INTO `youtube`.`tb_provincia` (`idtb_provincia`, `codprovincia`, `nomprovincia`, `pais`) VALUES (41, '40', 'Segovia', 1);
INSERT INTO `youtube`.`tb_provincia` (`idtb_provincia`, `codprovincia`, `nomprovincia`, `pais`) VALUES (42, '41', 'Sevilla', 1);
INSERT INTO `youtube`.`tb_provincia` (`idtb_provincia`, `codprovincia`, `nomprovincia`, `pais`) VALUES (43, '42', 'Soria', 1);
INSERT INTO `youtube`.`tb_provincia` (`idtb_provincia`, `codprovincia`, `nomprovincia`, `pais`) VALUES (44, '43', 'Tarragona', 1);
INSERT INTO `youtube`.`tb_provincia` (`idtb_provincia`, `codprovincia`, `nomprovincia`, `pais`) VALUES (45, '44', 'Teruel', 1);
INSERT INTO `youtube`.`tb_provincia` (`idtb_provincia`, `codprovincia`, `nomprovincia`, `pais`) VALUES (46, '45', 'Toledo', 1);
INSERT INTO `youtube`.`tb_provincia` (`idtb_provincia`, `codprovincia`, `nomprovincia`, `pais`) VALUES (47, '46', 'Valencia', 1);
INSERT INTO `youtube`.`tb_provincia` (`idtb_provincia`, `codprovincia`, `nomprovincia`, `pais`) VALUES (48, '47', 'Valladolid', 1);
INSERT INTO `youtube`.`tb_provincia` (`idtb_provincia`, `codprovincia`, `nomprovincia`, `pais`) VALUES (49, '49', 'Zamora', 1);
INSERT INTO `youtube`.`tb_provincia` (`idtb_provincia`, `codprovincia`, `nomprovincia`, `pais`) VALUES (50, '50', 'Zaragoza', 1);
INSERT INTO `youtube`.`tb_provincia` (`idtb_provincia`, `codprovincia`, `nomprovincia`, `pais`) VALUES (51, '51', 'Ceuta', 1);
INSERT INTO `youtube`.`tb_provincia` (`idtb_provincia`, `codprovincia`, `nomprovincia`, `pais`) VALUES (52, '52', 'Melilla', 1);

COMMIT;


-- -----------------------------------------------------
-- Data for table `youtube`.`tb_codigopostal`
-- -----------------------------------------------------
START TRANSACTION;
USE `youtube`;
INSERT INTO `youtube`.`tb_codigopostal` (`idtb_codigopostal`, `codigopostal`, `poblacion`, `idprovincia`, `idpais`) VALUES (1, '08620', 'Sant vicenç dels horts', 9, 1);
INSERT INTO `youtube`.`tb_codigopostal` (`idtb_codigopostal`, `codigopostal`, `poblacion`, `idprovincia`, `idpais`) VALUES (2, '08038', 'Barcelona', 9, 1);
INSERT INTO `youtube`.`tb_codigopostal` (`idtb_codigopostal`, `codigopostal`, `poblacion`, `idprovincia`, `idpais`) VALUES (3, '08027', 'Barcelona', 9, 1);
INSERT INTO `youtube`.`tb_codigopostal` (`idtb_codigopostal`, `codigopostal`, `poblacion`, `idprovincia`, `idpais`) VALUES (4, '20010', 'Madrid', 30, 1);

COMMIT;


-- -----------------------------------------------------
-- Data for table `youtube`.`tb_usuario`
-- -----------------------------------------------------
START TRANSACTION;
USE `youtube`;
INSERT INTO `youtube`.`tb_usuario` (`id_usuario`, `nombreapellidos`, `nombreusuario`, `email`, `fechanacimiento`, `sexo`, `password`, `idpais`, `idcodigopostal`) VALUES (1, 'Daniel Ecija', 'daniel', 'correo1@gmail.com', '1978-11-27', 'M', '123456', 1, 1);
INSERT INTO `youtube`.`tb_usuario` (`id_usuario`, `nombreapellidos`, `nombreusuario`, `email`, `fechanacimiento`, `sexo`, `password`, `idpais`, `idcodigopostal`) VALUES (2, 'Arantxa Martin', 'ghostrider_75', 'correo11@gmail.com', '1975-10-25', 'F', '123456', 1, 2);
INSERT INTO `youtube`.`tb_usuario` (`id_usuario`, `nombreapellidos`, `nombreusuario`, `email`, `fechanacimiento`, `sexo`, `password`, `idpais`, `idcodigopostal`) VALUES (3, 'Jhon Ibar', 'Pedro27', 'correo111@gmail.com', '1986-09-17', 'M', '123456', 1, 3);
INSERT INTO `youtube`.`tb_usuario` (`id_usuario`, `nombreapellidos`, `nombreusuario`, `email`, `fechanacimiento`, `sexo`, `password`, `idpais`, `idcodigopostal`) VALUES (4, 'Bart Simpson', 'Pegasus29', 'correo1111@gmail.com', '1990-9-4', 'M', 'abcdeg', 1, 1);
INSERT INTO `youtube`.`tb_usuario` (`id_usuario`, `nombreapellidos`, `nombreusuario`, `email`, `fechanacimiento`, `sexo`, `password`, `idpais`, `idcodigopostal`) VALUES (5, 'Carlos Herrera', 'Charly 35', 'correo11111@gmail.com', '2003-02-24', 'M', '123456', 1, 1);
INSERT INTO `youtube`.`tb_usuario` (`id_usuario`, `nombreapellidos`, `nombreusuario`, `email`, `fechanacimiento`, `sexo`, `password`, `idpais`, `idcodigopostal`) VALUES (6, 'Marta Perez', 'Oasis27', 'correo111111@gmail.com', '1999-01-09', 'F', '123456', 1, 1);
INSERT INTO `youtube`.`tb_usuario` (`id_usuario`, `nombreapellidos`, `nombreusuario`, `email`, `fechanacimiento`, `sexo`, `password`, `idpais`, `idcodigopostal`) VALUES (7, 'Agatha PAscual', 'Agatha_98', 'correo11111111@gmail.com', '1998-02-25', 'F', '654321c', 1, 2);
INSERT INTO `youtube`.`tb_usuario` (`id_usuario`, `nombreapellidos`, `nombreusuario`, `email`, `fechanacimiento`, `sexo`, `password`, `idpais`, `idcodigopostal`) VALUES (8, 'Sergio Fernandez', 'Ninja97', 'correo111111111@gmail.com', '1997-3-30', 'M', '123456', 1, 3);
INSERT INTO `youtube`.`tb_usuario` (`id_usuario`, `nombreapellidos`, `nombreusuario`, `email`, `fechanacimiento`, `sexo`, `password`, `idpais`, `idcodigopostal`) VALUES (9, 'Susana Marin', 'Susanita77', 'correo1111111111@gmail.com', '1997-01-22', 'F', '123456', 1, 4);

COMMIT;


-- -----------------------------------------------------
-- Data for table `youtube`.`tb_estadosvideo`
-- -----------------------------------------------------
START TRANSACTION;
USE `youtube`;
INSERT INTO `youtube`.`tb_estadosvideo` (`id_estadosvideo`, `estado`) VALUES (1, 'Público');
INSERT INTO `youtube`.`tb_estadosvideo` (`id_estadosvideo`, `estado`) VALUES (2, 'Oculto');
INSERT INTO `youtube`.`tb_estadosvideo` (`id_estadosvideo`, `estado`) VALUES (3, 'Privado');

COMMIT;


-- -----------------------------------------------------
-- Data for table `youtube`.`tb_videos`
-- -----------------------------------------------------
START TRANSACTION;
USE `youtube`;
INSERT INTO `youtube`.`tb_videos` (`id_video`, `titulo`, `descripcion`, `tamano`, `archivo`, `duracion`, `thumbnail`, `reproducciones`, `estadosvideo_id`) VALUES (1, 'titulo1', 'Descripcion 1', 1054, 'http:\\\\local\\archivo1', '45:00', NULL, 4, 1);
INSERT INTO `youtube`.`tb_videos` (`id_video`, `titulo`, `descripcion`, `tamano`, `archivo`, `duracion`, `thumbnail`, `reproducciones`, `estadosvideo_id`) VALUES (2, 'titulo2', 'Descripcion 2', 200, 'http:\\\\local\\archivo2', '00:10', NULL, 5, 1);
INSERT INTO `youtube`.`tb_videos` (`id_video`, `titulo`, `descripcion`, `tamano`, `archivo`, `duracion`, `thumbnail`, `reproducciones`, `estadosvideo_id`) VALUES (3, 'titulo3', 'Descripcion 3', 3500, 'http:\\\\local\\archivo2', '1:20:10', NULL, 2, 1);
INSERT INTO `youtube`.`tb_videos` (`id_video`, `titulo`, `descripcion`, `tamano`, `archivo`, `duracion`, `thumbnail`, `reproducciones`, `estadosvideo_id`) VALUES (4, 'titulo4', 'Descripcion 4', 798, 'http:\\\\local\\archivo4', '00:15:23', NULL, 6, 2);
INSERT INTO `youtube`.`tb_videos` (`id_video`, `titulo`, `descripcion`, `tamano`, `archivo`, `duracion`, `thumbnail`, `reproducciones`, `estadosvideo_id`) VALUES (5, 'titulo5', 'Descripcion 5', 5500, 'http:\\\\local\\archivo5', '1:01:03', NULL, 0, 3);
INSERT INTO `youtube`.`tb_videos` (`id_video`, `titulo`, `descripcion`, `tamano`, `archivo`, `duracion`, `thumbnail`, `reproducciones`, `estadosvideo_id`) VALUES (6, 'titulo6', 'Descripcion 6', 200, 'http:\\\\local\\archivo6', '00:25', NULL, 3, 2);
INSERT INTO `youtube`.`tb_videos` (`id_video`, `titulo`, `descripcion`, `tamano`, `archivo`, `duracion`, `thumbnail`, `reproducciones`, `estadosvideo_id`) VALUES (7, 'titulo7', 'Descripcion 7', 400, 'http:\\\\local\\archivo7', '00:41:00', NULL, 2, 2);
INSERT INTO `youtube`.`tb_videos` (`id_video`, `titulo`, `descripcion`, `tamano`, `archivo`, `duracion`, `thumbnail`, `reproducciones`, `estadosvideo_id`) VALUES (8, 'titulo8', 'Descripcion 8', 150, 'http:\\\\local\\archivo8', '00:05:00', NULL, 0, 3);
INSERT INTO `youtube`.`tb_videos` (`id_video`, `titulo`, `descripcion`, `tamano`, `archivo`, `duracion`, `thumbnail`, `reproducciones`, `estadosvideo_id`) VALUES (9, 'titulo9', 'Descripcion 9', 10025, 'http:\\\\local\\archivo9', '1:25:00', NULL, 0, 3);
INSERT INTO `youtube`.`tb_videos` (`id_video`, `titulo`, `descripcion`, `tamano`, `archivo`, `duracion`, `thumbnail`, `reproducciones`, `estadosvideo_id`) VALUES (10, 'titulo10', 'Descripcion 10', 8590, 'http:\\\\local\\archivo10', '1:01:00', NULL, 3, 1);
INSERT INTO `youtube`.`tb_videos` (`id_video`, `titulo`, `descripcion`, `tamano`, `archivo`, `duracion`, `thumbnail`, `reproducciones`, `estadosvideo_id`) VALUES (11, 'titulo11', 'Descripcion 11', 960, 'http:\\\\local\\archivo11', '02:03', NULL, 2, 1);
INSERT INTO `youtube`.`tb_videos` (`id_video`, `titulo`, `descripcion`, `tamano`, `archivo`, `duracion`, `thumbnail`, `reproducciones`, `estadosvideo_id`) VALUES (12, 'titulo12', 'Descripcion 12', 1574, 'http:\\\\local\\archivo12', '7:02:03', NULL, 1, 1);
INSERT INTO `youtube`.`tb_videos` (`id_video`, `titulo`, `descripcion`, `tamano`, `archivo`, `duracion`, `thumbnail`, `reproducciones`, `estadosvideo_id`) VALUES (13, 'titulo13', 'Descripcion 13', 2540, 'http:\\\\local\\archivo13', '9:02:03', NULL, 2, 1);
INSERT INTO `youtube`.`tb_videos` (`id_video`, `titulo`, `descripcion`, `tamano`, `archivo`, `duracion`, `thumbnail`, `reproducciones`, `estadosvideo_id`) VALUES (15, 'titulo15', 'Descripcion 15', 15416, 'http:\\\\local\\archivo15', '1:59:02', NULL, 1, 1);
INSERT INTO `youtube`.`tb_videos` (`id_video`, `titulo`, `descripcion`, `tamano`, `archivo`, `duracion`, `thumbnail`, `reproducciones`, `estadosvideo_id`) VALUES (16, 'titulo16', 'Descripcion 16', 3650, 'http:\\\\local\\archivo16', '19:02:03', NULL, 5, 1);
INSERT INTO `youtube`.`tb_videos` (`id_video`, `titulo`, `descripcion`, `tamano`, `archivo`, `duracion`, `thumbnail`, `reproducciones`, `estadosvideo_id`) VALUES (17, 'titulo17', 'Descripcion 17', 2135, 'http:\\\\local\\archivo17', '15:02:03', NULL, 8, 1);
INSERT INTO `youtube`.`tb_videos` (`id_video`, `titulo`, `descripcion`, `tamano`, `archivo`, `duracion`, `thumbnail`, `reproducciones`, `estadosvideo_id`) VALUES (18, 'titulo18', 'Descripcion 18', 2579, 'http:\\\\local\\archivo18', '11:02:03', NULL, 5, 1);
INSERT INTO `youtube`.`tb_videos` (`id_video`, `titulo`, `descripcion`, `tamano`, `archivo`, `duracion`, `thumbnail`, `reproducciones`, `estadosvideo_id`) VALUES (21, 'titulo21', 'Descripcion 18', 6875, 'http:\\\\local\\archivo21', '1:01:02', NULL, 4, 1);
INSERT INTO `youtube`.`tb_videos` (`id_video`, `titulo`, `descripcion`, `tamano`, `archivo`, `duracion`, `thumbnail`, `reproducciones`, `estadosvideo_id`) VALUES (22, 'titulo22', 'Descripcion 19', 7541, 'http:\\\\local\\archivo22', '59:02:03', NULL, 3, 1);
INSERT INTO `youtube`.`tb_videos` (`id_video`, `titulo`, `descripcion`, `tamano`, `archivo`, `duracion`, `thumbnail`, `reproducciones`, `estadosvideo_id`) VALUES (23, 'titulo23', 'Descripcion 20', 3258, 'http:\\\\local\\archivo23', '31:18:03', NULL, 2, 2);
INSERT INTO `youtube`.`tb_videos` (`id_video`, `titulo`, `descripcion`, `tamano`, `archivo`, `duracion`, `thumbnail`, `reproducciones`, `estadosvideo_id`) VALUES (24, 'titulo24', 'Descripcion 21', 3698, 'http:\\\\local\\archivo24', '31:12:03', NULL, 1, 2);
INSERT INTO `youtube`.`tb_videos` (`id_video`, `titulo`, `descripcion`, `tamano`, `archivo`, `duracion`, `thumbnail`, `reproducciones`, `estadosvideo_id`) VALUES (25, 'titulo25', 'Descripcion 22', 6547, 'http:\\\\local\\archivo25', '51:02:03', NULL, 0, 3);
INSERT INTO `youtube`.`tb_videos` (`id_video`, `titulo`, `descripcion`, `tamano`, `archivo`, `duracion`, `thumbnail`, `reproducciones`, `estadosvideo_id`) VALUES (26, 'titulo26', 'Descripcion 23', 3259, 'http:\\\\local\\archivo26', '57:02:03', NULL, 0, 3);
INSERT INTO `youtube`.`tb_videos` (`id_video`, `titulo`, `descripcion`, `tamano`, `archivo`, `duracion`, `thumbnail`, `reproducciones`, `estadosvideo_id`) VALUES (27, 'titulo27', 'Descripcion 24', 3252, 'http:\\\\local\\archiv27', '58:08:03', NULL, 2, 1);
INSERT INTO `youtube`.`tb_videos` (`id_video`, `titulo`, `descripcion`, `tamano`, `archivo`, `duracion`, `thumbnail`, `reproducciones`, `estadosvideo_id`) VALUES (28, 'titulo28', 'Descripcion 25', 7258, 'http:\\\\local\\archivo28', '1:21:09', NULL, 5, 1);
INSERT INTO `youtube`.`tb_videos` (`id_video`, `titulo`, `descripcion`, `tamano`, `archivo`, `duracion`, `thumbnail`, `reproducciones`, `estadosvideo_id`) VALUES (14, 'titulo14', 'Descripcion 14', 2899, 'http:\\\\local\\archivo14', '32:54:01', NULL, 4, 2);
INSERT INTO `youtube`.`tb_videos` (`id_video`, `titulo`, `descripcion`, `tamano`, `archivo`, `duracion`, `thumbnail`, `reproducciones`, `estadosvideo_id`) VALUES (19, 'titulo19', 'Descripcion 19', 3598, 'http:\\\\local\\archivo19', '58:02:03', NULL, 0, 3);

COMMIT;


-- -----------------------------------------------------
-- Data for table `youtube`.`tb_videospublicados`
-- -----------------------------------------------------
START TRANSACTION;
USE `youtube`;
INSERT INTO `youtube`.`tb_videospublicados` (`usuario_id`, `video_id`, `fecha`) VALUES (1, 1, '2021-01-25');
INSERT INTO `youtube`.`tb_videospublicados` (`usuario_id`, `video_id`, `fecha`) VALUES (1, 2, '2021-01-25');
INSERT INTO `youtube`.`tb_videospublicados` (`usuario_id`, `video_id`, `fecha`) VALUES (2, 3, '2021-01-25');
INSERT INTO `youtube`.`tb_videospublicados` (`usuario_id`, `video_id`, `fecha`) VALUES (2, 4, '2021-01-25');
INSERT INTO `youtube`.`tb_videospublicados` (`usuario_id`, `video_id`, `fecha`) VALUES (2, 5, '2021-01-25');
INSERT INTO `youtube`.`tb_videospublicados` (`usuario_id`, `video_id`, `fecha`) VALUES (3, 6, '2021-01-25');
INSERT INTO `youtube`.`tb_videospublicados` (`usuario_id`, `video_id`, `fecha`) VALUES (4, 7, '2021-01-25');
INSERT INTO `youtube`.`tb_videospublicados` (`usuario_id`, `video_id`, `fecha`) VALUES (4, 8, '2021-01-25');
INSERT INTO `youtube`.`tb_videospublicados` (`usuario_id`, `video_id`, `fecha`) VALUES (5, 9, '2021-01-25');
INSERT INTO `youtube`.`tb_videospublicados` (`usuario_id`, `video_id`, `fecha`) VALUES (5, 10, '2021-01-25');
INSERT INTO `youtube`.`tb_videospublicados` (`usuario_id`, `video_id`, `fecha`) VALUES (6, 11, '2021-01-25');
INSERT INTO `youtube`.`tb_videospublicados` (`usuario_id`, `video_id`, `fecha`) VALUES (6, 12, '2021-01-25');
INSERT INTO `youtube`.`tb_videospublicados` (`usuario_id`, `video_id`, `fecha`) VALUES (7, 13, '2021-01-25');
INSERT INTO `youtube`.`tb_videospublicados` (`usuario_id`, `video_id`, `fecha`) VALUES (7, 14, '2021-01-25');
INSERT INTO `youtube`.`tb_videospublicados` (`usuario_id`, `video_id`, `fecha`) VALUES (8, 15, '2021-01-25');
INSERT INTO `youtube`.`tb_videospublicados` (`usuario_id`, `video_id`, `fecha`) VALUES (8, 16, '2021-01-25');
INSERT INTO `youtube`.`tb_videospublicados` (`usuario_id`, `video_id`, `fecha`) VALUES (9, 17, '2021-01-25');
INSERT INTO `youtube`.`tb_videospublicados` (`usuario_id`, `video_id`, `fecha`) VALUES (9, 18, '2021-01-25');
INSERT INTO `youtube`.`tb_videospublicados` (`usuario_id`, `video_id`, `fecha`) VALUES (9, 19, '2021-01-25');

COMMIT;


-- -----------------------------------------------------
-- Data for table `youtube`.`tb_etiquetas_video`
-- -----------------------------------------------------
START TRANSACTION;
USE `youtube`;
INSERT INTO `youtube`.`tb_etiquetas_video` (`id_etiquetas_video`, `nombreetiqueta`) VALUES (1, 'motor');
INSERT INTO `youtube`.`tb_etiquetas_video` (`id_etiquetas_video`, `nombreetiqueta`) VALUES (2, 'coche');
INSERT INTO `youtube`.`tb_etiquetas_video` (`id_etiquetas_video`, `nombreetiqueta`) VALUES (3, 'moto');
INSERT INTO `youtube`.`tb_etiquetas_video` (`id_etiquetas_video`, `nombreetiqueta`) VALUES (4, 'caida');
INSERT INTO `youtube`.`tb_etiquetas_video` (`id_etiquetas_video`, `nombreetiqueta`) VALUES (5, 'esqui');
INSERT INTO `youtube`.`tb_etiquetas_video` (`id_etiquetas_video`, `nombreetiqueta`) VALUES (6, 'nieve');
INSERT INTO `youtube`.`tb_etiquetas_video` (`id_etiquetas_video`, `nombreetiqueta`) VALUES (7, 'invierno');
INSERT INTO `youtube`.`tb_etiquetas_video` (`id_etiquetas_video`, `nombreetiqueta`) VALUES (8, 'hielo');
INSERT INTO `youtube`.`tb_etiquetas_video` (`id_etiquetas_video`, `nombreetiqueta`) VALUES (9, 'programacion');
INSERT INTO `youtube`.`tb_etiquetas_video` (`id_etiquetas_video`, `nombreetiqueta`) VALUES (10, 'java');
INSERT INTO `youtube`.`tb_etiquetas_video` (`id_etiquetas_video`, `nombreetiqueta`) VALUES (11, 'eclipse');
INSERT INTO `youtube`.`tb_etiquetas_video` (`id_etiquetas_video`, `nombreetiqueta`) VALUES (12, 'algoritmo');
INSERT INTO `youtube`.`tb_etiquetas_video` (`id_etiquetas_video`, `nombreetiqueta`) VALUES (13, 'poo');
INSERT INTO `youtube`.`tb_etiquetas_video` (`id_etiquetas_video`, `nombreetiqueta`) VALUES (14, 'bases de datos');
INSERT INTO `youtube`.`tb_etiquetas_video` (`id_etiquetas_video`, `nombreetiqueta`) VALUES (15, 'rojo');
INSERT INTO `youtube`.`tb_etiquetas_video` (`id_etiquetas_video`, `nombreetiqueta`) VALUES (16, 'verde');
INSERT INTO `youtube`.`tb_etiquetas_video` (`id_etiquetas_video`, `nombreetiqueta`) VALUES (17, 'audi');
INSERT INTO `youtube`.`tb_etiquetas_video` (`id_etiquetas_video`, `nombreetiqueta`) VALUES (18, 'bmw');
INSERT INTO `youtube`.`tb_etiquetas_video` (`id_etiquetas_video`, `nombreetiqueta`) VALUES (19, 'drift');
INSERT INTO `youtube`.`tb_etiquetas_video` (`id_etiquetas_video`, `nombreetiqueta`) VALUES (20, 'derrape');
INSERT INTO `youtube`.`tb_etiquetas_video` (`id_etiquetas_video`, `nombreetiqueta`) VALUES (21, 'accidente');
INSERT INTO `youtube`.`tb_etiquetas_video` (`id_etiquetas_video`, `nombreetiqueta`) VALUES (22, 'choque');
INSERT INTO `youtube`.`tb_etiquetas_video` (`id_etiquetas_video`, `nombreetiqueta`) VALUES (23, 'policia');
INSERT INTO `youtube`.`tb_etiquetas_video` (`id_etiquetas_video`, `nombreetiqueta`) VALUES (24, 'sirena');
INSERT INTO `youtube`.`tb_etiquetas_video` (`id_etiquetas_video`, `nombreetiqueta`) VALUES (25, 'persecución');
INSERT INTO `youtube`.`tb_etiquetas_video` (`id_etiquetas_video`, `nombreetiqueta`) VALUES (26, 'alemania');
INSERT INTO `youtube`.`tb_etiquetas_video` (`id_etiquetas_video`, `nombreetiqueta`) VALUES (27, 'crash');
INSERT INTO `youtube`.`tb_etiquetas_video` (`id_etiquetas_video`, `nombreetiqueta`) VALUES (28, 'postre');
INSERT INTO `youtube`.`tb_etiquetas_video` (`id_etiquetas_video`, `nombreetiqueta`) VALUES (29, 'receta');
INSERT INTO `youtube`.`tb_etiquetas_video` (`id_etiquetas_video`, `nombreetiqueta`) VALUES (30, 'pollo');
INSERT INTO `youtube`.`tb_etiquetas_video` (`id_etiquetas_video`, `nombreetiqueta`) VALUES (31, 'Vino');
INSERT INTO `youtube`.`tb_etiquetas_video` (`id_etiquetas_video`, `nombreetiqueta`) VALUES (32, 'Rioja');
INSERT INTO `youtube`.`tb_etiquetas_video` (`id_etiquetas_video`, `nombreetiqueta`) VALUES (33, 'Ribera del Duero');
INSERT INTO `youtube`.`tb_etiquetas_video` (`id_etiquetas_video`, `nombreetiqueta`) VALUES (34, 'Cocteles');
INSERT INTO `youtube`.`tb_etiquetas_video` (`id_etiquetas_video`, `nombreetiqueta`) VALUES (35, 'Gin Tonic');
INSERT INTO `youtube`.`tb_etiquetas_video` (`id_etiquetas_video`, `nombreetiqueta`) VALUES (36, 'Bulldog');
INSERT INTO `youtube`.`tb_etiquetas_video` (`id_etiquetas_video`, `nombreetiqueta`) VALUES (37, 'Ginebra');
INSERT INTO `youtube`.`tb_etiquetas_video` (`id_etiquetas_video`, `nombreetiqueta`) VALUES (38, 'Tonica');
INSERT INTO `youtube`.`tb_etiquetas_video` (`id_etiquetas_video`, `nombreetiqueta`) VALUES (39, 'Agua de Tonica');
INSERT INTO `youtube`.`tb_etiquetas_video` (`id_etiquetas_video`, `nombreetiqueta`) VALUES (40, 'Coctel');
INSERT INTO `youtube`.`tb_etiquetas_video` (`id_etiquetas_video`, `nombreetiqueta`) VALUES (41, 'Gin');
INSERT INTO `youtube`.`tb_etiquetas_video` (`id_etiquetas_video`, `nombreetiqueta`) VALUES (42, 'James bond');
INSERT INTO `youtube`.`tb_etiquetas_video` (`id_etiquetas_video`, `nombreetiqueta`) VALUES (43, 'Videojuegos');
INSERT INTO `youtube`.`tb_etiquetas_video` (`id_etiquetas_video`, `nombreetiqueta`) VALUES (44, 'Juego');
INSERT INTO `youtube`.`tb_etiquetas_video` (`id_etiquetas_video`, `nombreetiqueta`) VALUES (45, 'Guerra');
INSERT INTO `youtube`.`tb_etiquetas_video` (`id_etiquetas_video`, `nombreetiqueta`) VALUES (46, 'Belico');
INSERT INTO `youtube`.`tb_etiquetas_video` (`id_etiquetas_video`, `nombreetiqueta`) VALUES (47, 'Call of Duty');
INSERT INTO `youtube`.`tb_etiquetas_video` (`id_etiquetas_video`, `nombreetiqueta`) VALUES (48, 'Gamer');
INSERT INTO `youtube`.`tb_etiquetas_video` (`id_etiquetas_video`, `nombreetiqueta`) VALUES (49, 'Game');
INSERT INTO `youtube`.`tb_etiquetas_video` (`id_etiquetas_video`, `nombreetiqueta`) VALUES (50, 'Matar');
INSERT INTO `youtube`.`tb_etiquetas_video` (`id_etiquetas_video`, `nombreetiqueta`) VALUES (51, 'Disparar');
INSERT INTO `youtube`.`tb_etiquetas_video` (`id_etiquetas_video`, `nombreetiqueta`) VALUES (52, 'Viajar');
INSERT INTO `youtube`.`tb_etiquetas_video` (`id_etiquetas_video`, `nombreetiqueta`) VALUES (53, 'Guia de viaje');
INSERT INTO `youtube`.`tb_etiquetas_video` (`id_etiquetas_video`, `nombreetiqueta`) VALUES (54, 'Mundo');
INSERT INTO `youtube`.`tb_etiquetas_video` (`id_etiquetas_video`, `nombreetiqueta`) VALUES (55, 'Conocer');
INSERT INTO `youtube`.`tb_etiquetas_video` (`id_etiquetas_video`, `nombreetiqueta`) VALUES (56, 'Mochilero');

COMMIT;


-- -----------------------------------------------------
-- Data for table `youtube`.`tb_videosyetiquetas`
-- -----------------------------------------------------
START TRANSACTION;
USE `youtube`;
INSERT INTO `youtube`.`tb_videosyetiquetas` (`video_id`, `etiquetas_video_id`) VALUES (1, 1);
INSERT INTO `youtube`.`tb_videosyetiquetas` (`video_id`, `etiquetas_video_id`) VALUES (1, 2);
INSERT INTO `youtube`.`tb_videosyetiquetas` (`video_id`, `etiquetas_video_id`) VALUES (1, 20);
INSERT INTO `youtube`.`tb_videosyetiquetas` (`video_id`, `etiquetas_video_id`) VALUES (1, 21);
INSERT INTO `youtube`.`tb_videosyetiquetas` (`video_id`, `etiquetas_video_id`) VALUES (2, 1);
INSERT INTO `youtube`.`tb_videosyetiquetas` (`video_id`, `etiquetas_video_id`) VALUES (2, 3);
INSERT INTO `youtube`.`tb_videosyetiquetas` (`video_id`, `etiquetas_video_id`) VALUES (2, 4);
INSERT INTO `youtube`.`tb_videosyetiquetas` (`video_id`, `etiquetas_video_id`) VALUES (3, 5);
INSERT INTO `youtube`.`tb_videosyetiquetas` (`video_id`, `etiquetas_video_id`) VALUES (3, 6);
INSERT INTO `youtube`.`tb_videosyetiquetas` (`video_id`, `etiquetas_video_id`) VALUES (3, 7);
INSERT INTO `youtube`.`tb_videosyetiquetas` (`video_id`, `etiquetas_video_id`) VALUES (3, 8);
INSERT INTO `youtube`.`tb_videosyetiquetas` (`video_id`, `etiquetas_video_id`) VALUES (4, 9);
INSERT INTO `youtube`.`tb_videosyetiquetas` (`video_id`, `etiquetas_video_id`) VALUES (4, 11);
INSERT INTO `youtube`.`tb_videosyetiquetas` (`video_id`, `etiquetas_video_id`) VALUES (4, 12);
INSERT INTO `youtube`.`tb_videosyetiquetas` (`video_id`, `etiquetas_video_id`) VALUES (4, 13);
INSERT INTO `youtube`.`tb_videosyetiquetas` (`video_id`, `etiquetas_video_id`) VALUES (5, 9);
INSERT INTO `youtube`.`tb_videosyetiquetas` (`video_id`, `etiquetas_video_id`) VALUES (5, 14);
INSERT INTO `youtube`.`tb_videosyetiquetas` (`video_id`, `etiquetas_video_id`) VALUES (1, 15);
INSERT INTO `youtube`.`tb_videosyetiquetas` (`video_id`, `etiquetas_video_id`) VALUES (2, 16);
INSERT INTO `youtube`.`tb_videosyetiquetas` (`video_id`, `etiquetas_video_id`) VALUES (1, 17);
INSERT INTO `youtube`.`tb_videosyetiquetas` (`video_id`, `etiquetas_video_id`) VALUES (6, 1);
INSERT INTO `youtube`.`tb_videosyetiquetas` (`video_id`, `etiquetas_video_id`) VALUES (6, 18);
INSERT INTO `youtube`.`tb_videosyetiquetas` (`video_id`, `etiquetas_video_id`) VALUES (6, 19);
INSERT INTO `youtube`.`tb_videosyetiquetas` (`video_id`, `etiquetas_video_id`) VALUES (6, 21);
INSERT INTO `youtube`.`tb_videosyetiquetas` (`video_id`, `etiquetas_video_id`) VALUES (7, 3);
INSERT INTO `youtube`.`tb_videosyetiquetas` (`video_id`, `etiquetas_video_id`) VALUES (7, 23);
INSERT INTO `youtube`.`tb_videosyetiquetas` (`video_id`, `etiquetas_video_id`) VALUES (7, 24);
INSERT INTO `youtube`.`tb_videosyetiquetas` (`video_id`, `etiquetas_video_id`) VALUES (8, 26);
INSERT INTO `youtube`.`tb_videosyetiquetas` (`video_id`, `etiquetas_video_id`) VALUES (8, 53);
INSERT INTO `youtube`.`tb_videosyetiquetas` (`video_id`, `etiquetas_video_id`) VALUES (8, 54);
INSERT INTO `youtube`.`tb_videosyetiquetas` (`video_id`, `etiquetas_video_id`) VALUES (8, 55);
INSERT INTO `youtube`.`tb_videosyetiquetas` (`video_id`, `etiquetas_video_id`) VALUES (8, 56);
INSERT INTO `youtube`.`tb_videosyetiquetas` (`video_id`, `etiquetas_video_id`) VALUES (9, 34);
INSERT INTO `youtube`.`tb_videosyetiquetas` (`video_id`, `etiquetas_video_id`) VALUES (9, 35);
INSERT INTO `youtube`.`tb_videosyetiquetas` (`video_id`, `etiquetas_video_id`) VALUES (9, 36);
INSERT INTO `youtube`.`tb_videosyetiquetas` (`video_id`, `etiquetas_video_id`) VALUES (9, 37);
INSERT INTO `youtube`.`tb_videosyetiquetas` (`video_id`, `etiquetas_video_id`) VALUES (9, 39);
INSERT INTO `youtube`.`tb_videosyetiquetas` (`video_id`, `etiquetas_video_id`) VALUES (10, 39);
INSERT INTO `youtube`.`tb_videosyetiquetas` (`video_id`, `etiquetas_video_id`) VALUES (10, 40);
INSERT INTO `youtube`.`tb_videosyetiquetas` (`video_id`, `etiquetas_video_id`) VALUES (11, 44);
INSERT INTO `youtube`.`tb_videosyetiquetas` (`video_id`, `etiquetas_video_id`) VALUES (11, 45);
INSERT INTO `youtube`.`tb_videosyetiquetas` (`video_id`, `etiquetas_video_id`) VALUES (11, 47);
INSERT INTO `youtube`.`tb_videosyetiquetas` (`video_id`, `etiquetas_video_id`) VALUES (11, 49);
INSERT INTO `youtube`.`tb_videosyetiquetas` (`video_id`, `etiquetas_video_id`) VALUES (12, 31);
INSERT INTO `youtube`.`tb_videosyetiquetas` (`video_id`, `etiquetas_video_id`) VALUES (12, 33);
INSERT INTO `youtube`.`tb_videosyetiquetas` (`video_id`, `etiquetas_video_id`) VALUES (13, 31);
INSERT INTO `youtube`.`tb_videosyetiquetas` (`video_id`, `etiquetas_video_id`) VALUES (13, 33);
INSERT INTO `youtube`.`tb_videosyetiquetas` (`video_id`, `etiquetas_video_id`) VALUES (14, 28);
INSERT INTO `youtube`.`tb_videosyetiquetas` (`video_id`, `etiquetas_video_id`) VALUES (14, 29);

COMMIT;


-- -----------------------------------------------------
-- Data for table `youtube`.`tb_canal`
-- -----------------------------------------------------
START TRANSACTION;
USE `youtube`;
INSERT INTO `youtube`.`tb_canal` (`id_canal`, `usuario_id`, `nombre_canal`, `descripcion_canal`, `fecha_creacion`) VALUES (1, 1, 'Motor a fondo', 'Canal dedidado al mundo del motor', '2021-01-15');
INSERT INTO `youtube`.`tb_canal` (`id_canal`, `usuario_id`, `nombre_canal`, `descripcion_canal`, `fecha_creacion`) VALUES (2, 1, 'Esqui forever', 'Canal dedicado al mundo del esqui', '2021-01-15');
INSERT INTO `youtube`.`tb_canal` (`id_canal`, `usuario_id`, `nombre_canal`, `descripcion_canal`, `fecha_creacion`) VALUES (3, 2, 'Police and riders', 'Dedicado al las persecuciones de policias a moteros', '2021-01-15');
INSERT INTO `youtube`.`tb_canal` (`id_canal`, `usuario_id`, `nombre_canal`, `descripcion_canal`, `fecha_creacion`) VALUES (4, 3, 'Cocina familiar', 'Recetas de caracter familiar', '2021-01-15');
INSERT INTO `youtube`.`tb_canal` (`id_canal`, `usuario_id`, `nombre_canal`, `descripcion_canal`, `fecha_creacion`) VALUES (5, 1, 'Especial tours', 'Viajes en coche', '2021-01-15');
INSERT INTO `youtube`.`tb_canal` (`id_canal`, `usuario_id`, `nombre_canal`, `descripcion_canal`, `fecha_creacion`) VALUES (6, 4, 'Motorbike power', 'Aceleracion motos', '2021-01-15');
INSERT INTO `youtube`.`tb_canal` (`id_canal`, `usuario_id`, `nombre_canal`, `descripcion_canal`, `fecha_creacion`) VALUES (8, 5, 'Siempre de lado', 'Canal dedicado al mundo del drift', '2021-01-15');
INSERT INTO `youtube`.`tb_canal` (`id_canal`, `usuario_id`, `nombre_canal`, `descripcion_canal`, `fecha_creacion`) VALUES (9, 6, 'Rallys\'90', 'Canal dedicado a los rallies de los 90 ', '2021-01-15');
INSERT INTO `youtube`.`tb_canal` (`id_canal`, `usuario_id`, `nombre_canal`, `descripcion_canal`, `fecha_creacion`) VALUES (10, 7, 'COD\'s Fan', 'Dedicado al CALL OF DUTY', '2021-01-15');
INSERT INTO `youtube`.`tb_canal` (`id_canal`, `usuario_id`, `nombre_canal`, `descripcion_canal`, `fecha_creacion`) VALUES (11, 8, 'La vinoteca', 'Catas de vino', '2021-01-15');
INSERT INTO `youtube`.`tb_canal` (`id_canal`, `usuario_id`, `nombre_canal`, `descripcion_canal`, `fecha_creacion`) VALUES (12, 9, 'Siempre hay sitio para un Gin Tonic', 'Gin Tonic Cocteles y demás', '2021-01-15');

COMMIT;


-- -----------------------------------------------------
-- Data for table `youtube`.`tb_subscripcioncanal`
-- -----------------------------------------------------
START TRANSACTION;
USE `youtube`;
INSERT INTO `youtube`.`tb_subscripcioncanal` (`canal_id`, `usuario_id`) VALUES (1, 1);
INSERT INTO `youtube`.`tb_subscripcioncanal` (`canal_id`, `usuario_id`) VALUES (1, 2);
INSERT INTO `youtube`.`tb_subscripcioncanal` (`canal_id`, `usuario_id`) VALUES (1, 3);
INSERT INTO `youtube`.`tb_subscripcioncanal` (`canal_id`, `usuario_id`) VALUES (2, 1);
INSERT INTO `youtube`.`tb_subscripcioncanal` (`canal_id`, `usuario_id`) VALUES (2, 4);
INSERT INTO `youtube`.`tb_subscripcioncanal` (`canal_id`, `usuario_id`) VALUES (3, 4);
INSERT INTO `youtube`.`tb_subscripcioncanal` (`canal_id`, `usuario_id`) VALUES (3, 5);
INSERT INTO `youtube`.`tb_subscripcioncanal` (`canal_id`, `usuario_id`) VALUES (3, 6);
INSERT INTO `youtube`.`tb_subscripcioncanal` (`canal_id`, `usuario_id`) VALUES (4, 7);
INSERT INTO `youtube`.`tb_subscripcioncanal` (`canal_id`, `usuario_id`) VALUES (4, 8);
INSERT INTO `youtube`.`tb_subscripcioncanal` (`canal_id`, `usuario_id`) VALUES (4, 9);
INSERT INTO `youtube`.`tb_subscripcioncanal` (`canal_id`, `usuario_id`) VALUES (5, 8);
INSERT INTO `youtube`.`tb_subscripcioncanal` (`canal_id`, `usuario_id`) VALUES (5, 7);
INSERT INTO `youtube`.`tb_subscripcioncanal` (`canal_id`, `usuario_id`) VALUES (6, 6);
INSERT INTO `youtube`.`tb_subscripcioncanal` (`canal_id`, `usuario_id`) VALUES (7, 5);
INSERT INTO `youtube`.`tb_subscripcioncanal` (`canal_id`, `usuario_id`) VALUES (7, 4);
INSERT INTO `youtube`.`tb_subscripcioncanal` (`canal_id`, `usuario_id`) VALUES (7, 3);
INSERT INTO `youtube`.`tb_subscripcioncanal` (`canal_id`, `usuario_id`) VALUES (8, 2);
INSERT INTO `youtube`.`tb_subscripcioncanal` (`canal_id`, `usuario_id`) VALUES (8, 1);
INSERT INTO `youtube`.`tb_subscripcioncanal` (`canal_id`, `usuario_id`) VALUES (9, 2);
INSERT INTO `youtube`.`tb_subscripcioncanal` (`canal_id`, `usuario_id`) VALUES (9, 3);
INSERT INTO `youtube`.`tb_subscripcioncanal` (`canal_id`, `usuario_id`) VALUES (10, 4);
INSERT INTO `youtube`.`tb_subscripcioncanal` (`canal_id`, `usuario_id`) VALUES (11, 5);
INSERT INTO `youtube`.`tb_subscripcioncanal` (`canal_id`, `usuario_id`) VALUES (12, 6);
INSERT INTO `youtube`.`tb_subscripcioncanal` (`canal_id`, `usuario_id`) VALUES (13, 7);

COMMIT;


-- -----------------------------------------------------
-- Data for table `youtube`.`tb_like_dislike`
-- -----------------------------------------------------
START TRANSACTION;
USE `youtube`;
INSERT INTO `youtube`.`tb_like_dislike` (`id_like_dislike`, `descripcion`) VALUES (0, 'LIKE');
INSERT INTO `youtube`.`tb_like_dislike` (`id_like_dislike`, `descripcion`) VALUES (1, 'DISLIKE');

COMMIT;


-- -----------------------------------------------------
-- Data for table `youtube`.`tb_resgistrolikevideos`
-- -----------------------------------------------------
START TRANSACTION;
USE `youtube`;
INSERT INTO `youtube`.`tb_resgistrolikevideos` (`video_id`, `usuario_id`, `like_dislike_id`, `fecha`) VALUES (1, 1, 0, '2021-01-27');
INSERT INTO `youtube`.`tb_resgistrolikevideos` (`video_id`, `usuario_id`, `like_dislike_id`, `fecha`) VALUES (1, 2, 1, '2021-01-27');
INSERT INTO `youtube`.`tb_resgistrolikevideos` (`video_id`, `usuario_id`, `like_dislike_id`, `fecha`) VALUES (1, 3, 1, '2021-01-27');
INSERT INTO `youtube`.`tb_resgistrolikevideos` (`video_id`, `usuario_id`, `like_dislike_id`, `fecha`) VALUES (2, 1, 0, '2021-01-27');
INSERT INTO `youtube`.`tb_resgistrolikevideos` (`video_id`, `usuario_id`, `like_dislike_id`, `fecha`) VALUES (2, 3, 0, '2021-01-27');
INSERT INTO `youtube`.`tb_resgistrolikevideos` (`video_id`, `usuario_id`, `like_dislike_id`, `fecha`) VALUES (2, 2, 0, '2021-01-27');
INSERT INTO `youtube`.`tb_resgistrolikevideos` (`video_id`, `usuario_id`, `like_dislike_id`, `fecha`) VALUES (3, 4, 0, '2021-01-27');
INSERT INTO `youtube`.`tb_resgistrolikevideos` (`video_id`, `usuario_id`, `like_dislike_id`, `fecha`) VALUES (3, 5, 0, '2021-01-27');
INSERT INTO `youtube`.`tb_resgistrolikevideos` (`video_id`, `usuario_id`, `like_dislike_id`, `fecha`) VALUES (3, 6, 0, '2021-01-27');
INSERT INTO `youtube`.`tb_resgistrolikevideos` (`video_id`, `usuario_id`, `like_dislike_id`, `fecha`) VALUES (3, 7, 0, '2021-01-27');
INSERT INTO `youtube`.`tb_resgistrolikevideos` (`video_id`, `usuario_id`, `like_dislike_id`, `fecha`) VALUES (3, 8, 0, '2021-01-27');
INSERT INTO `youtube`.`tb_resgistrolikevideos` (`video_id`, `usuario_id`, `like_dislike_id`, `fecha`) VALUES (4, 9, 0, '2021-01-27');
INSERT INTO `youtube`.`tb_resgistrolikevideos` (`video_id`, `usuario_id`, `like_dislike_id`, `fecha`) VALUES (4, 6, 1, '2021-01-27');
INSERT INTO `youtube`.`tb_resgistrolikevideos` (`video_id`, `usuario_id`, `like_dislike_id`, `fecha`) VALUES (4, 5, 0, '2021-01-27');
INSERT INTO `youtube`.`tb_resgistrolikevideos` (`video_id`, `usuario_id`, `like_dislike_id`, `fecha`) VALUES (4, 4, 1, '2021-01-27');
INSERT INTO `youtube`.`tb_resgistrolikevideos` (`video_id`, `usuario_id`, `like_dislike_id`, `fecha`) VALUES (6, 2, 0, '2021-01-27');
INSERT INTO `youtube`.`tb_resgistrolikevideos` (`video_id`, `usuario_id`, `like_dislike_id`, `fecha`) VALUES (6, 9, 0, '2021-01-27');
INSERT INTO `youtube`.`tb_resgistrolikevideos` (`video_id`, `usuario_id`, `like_dislike_id`, `fecha`) VALUES (6, 8, 0, '2021-01-27');
INSERT INTO `youtube`.`tb_resgistrolikevideos` (`video_id`, `usuario_id`, `like_dislike_id`, `fecha`) VALUES (6, 7, 0, '2021-01-27');
INSERT INTO `youtube`.`tb_resgistrolikevideos` (`video_id`, `usuario_id`, `like_dislike_id`, `fecha`) VALUES (6, 6, 0, '2021-01-27');
INSERT INTO `youtube`.`tb_resgistrolikevideos` (`video_id`, `usuario_id`, `like_dislike_id`, `fecha`) VALUES (7, 4, 0, '2021-01-27');
INSERT INTO `youtube`.`tb_resgistrolikevideos` (`video_id`, `usuario_id`, `like_dislike_id`, `fecha`) VALUES (7, 2, 0, '2021-01-27');
INSERT INTO `youtube`.`tb_resgistrolikevideos` (`video_id`, `usuario_id`, `like_dislike_id`, `fecha`) VALUES (7, 3, 0, '2021-01-27');
INSERT INTO `youtube`.`tb_resgistrolikevideos` (`video_id`, `usuario_id`, `like_dislike_id`, `fecha`) VALUES (7, 1, 0, '2021-01-27');
INSERT INTO `youtube`.`tb_resgistrolikevideos` (`video_id`, `usuario_id`, `like_dislike_id`, `fecha`) VALUES (7, 5, 0, '2021-01-27');
INSERT INTO `youtube`.`tb_resgistrolikevideos` (`video_id`, `usuario_id`, `like_dislike_id`, `fecha`) VALUES (8, 9, 0, '2021-01-27');
INSERT INTO `youtube`.`tb_resgistrolikevideos` (`video_id`, `usuario_id`, `like_dislike_id`, `fecha`) VALUES (8, 8, 0, '2021-01-27');
INSERT INTO `youtube`.`tb_resgistrolikevideos` (`video_id`, `usuario_id`, `like_dislike_id`, `fecha`) VALUES (8, 7, 0, '2021-01-27');
INSERT INTO `youtube`.`tb_resgistrolikevideos` (`video_id`, `usuario_id`, `like_dislike_id`, `fecha`) VALUES (8, 6, 0, '2021-01-27');
INSERT INTO `youtube`.`tb_resgistrolikevideos` (`video_id`, `usuario_id`, `like_dislike_id`, `fecha`) VALUES (8, 2, 0, '2021-01-27');
INSERT INTO `youtube`.`tb_resgistrolikevideos` (`video_id`, `usuario_id`, `like_dislike_id`, `fecha`) VALUES (8, 1, 0, '2021-01-27');
INSERT INTO `youtube`.`tb_resgistrolikevideos` (`video_id`, `usuario_id`, `like_dislike_id`, `fecha`) VALUES (9, 2, 0, '2021-01-27');
INSERT INTO `youtube`.`tb_resgistrolikevideos` (`video_id`, `usuario_id`, `like_dislike_id`, `fecha`) VALUES (9, 3, 0, '2021-01-27');
INSERT INTO `youtube`.`tb_resgistrolikevideos` (`video_id`, `usuario_id`, `like_dislike_id`, `fecha`) VALUES (9, 6, 0, '2021-01-27');
INSERT INTO `youtube`.`tb_resgistrolikevideos` (`video_id`, `usuario_id`, `like_dislike_id`, `fecha`) VALUES (9, 1, 0, '2021-01-27');
INSERT INTO `youtube`.`tb_resgistrolikevideos` (`video_id`, `usuario_id`, `like_dislike_id`, `fecha`) VALUES (9, 4, 1, '2021-01-27');
INSERT INTO `youtube`.`tb_resgistrolikevideos` (`video_id`, `usuario_id`, `like_dislike_id`, `fecha`) VALUES (9, 5, 0, '2021-01-27');
INSERT INTO `youtube`.`tb_resgistrolikevideos` (`video_id`, `usuario_id`, `like_dislike_id`, `fecha`) VALUES (9, 9, 0, '2021-01-27');
INSERT INTO `youtube`.`tb_resgistrolikevideos` (`video_id`, `usuario_id`, `like_dislike_id`, `fecha`) VALUES (9, 8, 0, '2021-01-27');
INSERT INTO `youtube`.`tb_resgistrolikevideos` (`video_id`, `usuario_id`, `like_dislike_id`, `fecha`) VALUES (10, 1, 1, '2021-01-27');
INSERT INTO `youtube`.`tb_resgistrolikevideos` (`video_id`, `usuario_id`, `like_dislike_id`, `fecha`) VALUES (10, 2, 1, '2021-01-27');
INSERT INTO `youtube`.`tb_resgistrolikevideos` (`video_id`, `usuario_id`, `like_dislike_id`, `fecha`) VALUES (10, 3, 1, '2021-01-27');
INSERT INTO `youtube`.`tb_resgistrolikevideos` (`video_id`, `usuario_id`, `like_dislike_id`, `fecha`) VALUES (10, 4, 1, '2021-01-27');
INSERT INTO `youtube`.`tb_resgistrolikevideos` (`video_id`, `usuario_id`, `like_dislike_id`, `fecha`) VALUES (10, 5, 0, '2021-01-27');
INSERT INTO `youtube`.`tb_resgistrolikevideos` (`video_id`, `usuario_id`, `like_dislike_id`, `fecha`) VALUES (10, 6, 0, '2021-01-27');
INSERT INTO `youtube`.`tb_resgistrolikevideos` (`video_id`, `usuario_id`, `like_dislike_id`, `fecha`) VALUES (10, 7, 0, '2021-01-27');
INSERT INTO `youtube`.`tb_resgistrolikevideos` (`video_id`, `usuario_id`, `like_dislike_id`, `fecha`) VALUES (10, 8, 0, '2021-01-27');
INSERT INTO `youtube`.`tb_resgistrolikevideos` (`video_id`, `usuario_id`, `like_dislike_id`, `fecha`) VALUES (11, 9, 0, '2021-01-27');
INSERT INTO `youtube`.`tb_resgistrolikevideos` (`video_id`, `usuario_id`, `like_dislike_id`, `fecha`) VALUES (11, 1, 0, '2021-01-27');
INSERT INTO `youtube`.`tb_resgistrolikevideos` (`video_id`, `usuario_id`, `like_dislike_id`, `fecha`) VALUES (11, 2, 0, '2021-01-27');
INSERT INTO `youtube`.`tb_resgistrolikevideos` (`video_id`, `usuario_id`, `like_dislike_id`, `fecha`) VALUES (11, 3, 0, '2021-01-27');
INSERT INTO `youtube`.`tb_resgistrolikevideos` (`video_id`, `usuario_id`, `like_dislike_id`, `fecha`) VALUES (11, 4, 0, '2021-01-27');
INSERT INTO `youtube`.`tb_resgistrolikevideos` (`video_id`, `usuario_id`, `like_dislike_id`, `fecha`) VALUES (11, 5, 0, '2021-01-27');
INSERT INTO `youtube`.`tb_resgistrolikevideos` (`video_id`, `usuario_id`, `like_dislike_id`, `fecha`) VALUES (11, 6, 0, '2021-01-27');
INSERT INTO `youtube`.`tb_resgistrolikevideos` (`video_id`, `usuario_id`, `like_dislike_id`, `fecha`) VALUES (11, 7, 0, '2021-01-27');
INSERT INTO `youtube`.`tb_resgistrolikevideos` (`video_id`, `usuario_id`, `like_dislike_id`, `fecha`) VALUES (11, 8, 0, '2021-01-27');
INSERT INTO `youtube`.`tb_resgistrolikevideos` (`video_id`, `usuario_id`, `like_dislike_id`, `fecha`) VALUES (16, 1, 0, '2021-01-27');
INSERT INTO `youtube`.`tb_resgistrolikevideos` (`video_id`, `usuario_id`, `like_dislike_id`, `fecha`) VALUES (16, 2, 0, '2021-01-27');
INSERT INTO `youtube`.`tb_resgistrolikevideos` (`video_id`, `usuario_id`, `like_dislike_id`, `fecha`) VALUES (16, 3, 0, '2021-01-27');
INSERT INTO `youtube`.`tb_resgistrolikevideos` (`video_id`, `usuario_id`, `like_dislike_id`, `fecha`) VALUES (16, 4, 0, '2021-01-27');
INSERT INTO `youtube`.`tb_resgistrolikevideos` (`video_id`, `usuario_id`, `like_dislike_id`, `fecha`) VALUES (16, 5, 0, '2021-01-27');
INSERT INTO `youtube`.`tb_resgistrolikevideos` (`video_id`, `usuario_id`, `like_dislike_id`, `fecha`) VALUES (16, 6, 0, '2021-01-27');
INSERT INTO `youtube`.`tb_resgistrolikevideos` (`video_id`, `usuario_id`, `like_dislike_id`, `fecha`) VALUES (12, 7, 0, '2021-01-27');
INSERT INTO `youtube`.`tb_resgistrolikevideos` (`video_id`, `usuario_id`, `like_dislike_id`, `fecha`) VALUES (13, 8, 0, '2021-01-27');
INSERT INTO `youtube`.`tb_resgistrolikevideos` (`video_id`, `usuario_id`, `like_dislike_id`, `fecha`) VALUES (13, 9, 0, '2021-01-27');
INSERT INTO `youtube`.`tb_resgistrolikevideos` (`video_id`, `usuario_id`, `like_dislike_id`, `fecha`) VALUES (13, 1, 0, '2021-01-27');
INSERT INTO `youtube`.`tb_resgistrolikevideos` (`video_id`, `usuario_id`, `like_dislike_id`, `fecha`) VALUES (15, 2, 0, '2021-01-27');
INSERT INTO `youtube`.`tb_resgistrolikevideos` (`video_id`, `usuario_id`, `like_dislike_id`, `fecha`) VALUES (15, 3, 0, '2021-01-27');
INSERT INTO `youtube`.`tb_resgistrolikevideos` (`video_id`, `usuario_id`, `like_dislike_id`, `fecha`) VALUES (15, 4, 0, '2021-01-27');
INSERT INTO `youtube`.`tb_resgistrolikevideos` (`video_id`, `usuario_id`, `like_dislike_id`, `fecha`) VALUES (15, 5, 0, '2021-01-27');
INSERT INTO `youtube`.`tb_resgistrolikevideos` (`video_id`, `usuario_id`, `like_dislike_id`, `fecha`) VALUES (15, 6, 0, '2021-01-27');
INSERT INTO `youtube`.`tb_resgistrolikevideos` (`video_id`, `usuario_id`, `like_dislike_id`, `fecha`) VALUES (18, 7, 0, '2021-01-27');
INSERT INTO `youtube`.`tb_resgistrolikevideos` (`video_id`, `usuario_id`, `like_dislike_id`, `fecha`) VALUES (18, 8, 0, '2021-01-27');
INSERT INTO `youtube`.`tb_resgistrolikevideos` (`video_id`, `usuario_id`, `like_dislike_id`, `fecha`) VALUES (21, 9, 1, '2021-01-27');
INSERT INTO `youtube`.`tb_resgistrolikevideos` (`video_id`, `usuario_id`, `like_dislike_id`, `fecha`) VALUES (21, 1, 0, '2021-01-27');
INSERT INTO `youtube`.`tb_resgistrolikevideos` (`video_id`, `usuario_id`, `like_dislike_id`, `fecha`) VALUES (24, 2, 1, '2021-01-27');
INSERT INTO `youtube`.`tb_resgistrolikevideos` (`video_id`, `usuario_id`, `like_dislike_id`, `fecha`) VALUES (24, 3, 0, '2021-01-27');
INSERT INTO `youtube`.`tb_resgistrolikevideos` (`video_id`, `usuario_id`, `like_dislike_id`, `fecha`) VALUES (25, 4, 0, '2021-01-27');
INSERT INTO `youtube`.`tb_resgistrolikevideos` (`video_id`, `usuario_id`, `like_dislike_id`, `fecha`) VALUES (25, 5, 1, '2021-01-27');

COMMIT;


-- -----------------------------------------------------
-- Data for table `youtube`.`tb_comentariovideo`
-- -----------------------------------------------------
START TRANSACTION;
USE `youtube`;
INSERT INTO `youtube`.`tb_comentariovideo` (`id_comentariovideo`, `usuario_id`, `video_id`, `comentario`, `fecha`) VALUES (1, 1, 1, 'El video me gusta', '2021-01-27');
INSERT INTO `youtube`.`tb_comentariovideo` (`id_comentariovideo`, `usuario_id`, `video_id`, `comentario`, `fecha`) VALUES (2, 2, 1, 'El video me gusta mucho', '2021-01-27');
INSERT INTO `youtube`.`tb_comentariovideo` (`id_comentariovideo`, `usuario_id`, `video_id`, `comentario`, `fecha`) VALUES (3, 3, 1, 'Interesante', '2021-01-27');
INSERT INTO `youtube`.`tb_comentariovideo` (`id_comentariovideo`, `usuario_id`, `video_id`, `comentario`, `fecha`) VALUES (4, 4, 1, 'No vale nada', '2021-01-27');
INSERT INTO `youtube`.`tb_comentariovideo` (`id_comentariovideo`, `usuario_id`, `video_id`, `comentario`, `fecha`) VALUES (5, 1, 2, 'El video me gusta', '2021-01-27');
INSERT INTO `youtube`.`tb_comentariovideo` (`id_comentariovideo`, `usuario_id`, `video_id`, `comentario`, `fecha`) VALUES (6, 3, 2, 'Espectacular', '2021-01-27');
INSERT INTO `youtube`.`tb_comentariovideo` (`id_comentariovideo`, `usuario_id`, `video_id`, `comentario`, `fecha`) VALUES (7, 4, 2, 'El video me gusta', '2021-01-27');
INSERT INTO `youtube`.`tb_comentariovideo` (`id_comentariovideo`, `usuario_id`, `video_id`, `comentario`, `fecha`) VALUES (8, 5, 2, 'Aburrido', '2021-01-27');
INSERT INTO `youtube`.`tb_comentariovideo` (`id_comentariovideo`, `usuario_id`, `video_id`, `comentario`, `fecha`) VALUES (9, 2, 3, 'No vale nada', '2021-01-27');
INSERT INTO `youtube`.`tb_comentariovideo` (`id_comentariovideo`, `usuario_id`, `video_id`, `comentario`, `fecha`) VALUES (10, 3, 3, 'El video me gusta', '2021-01-27');
INSERT INTO `youtube`.`tb_comentariovideo` (`id_comentariovideo`, `usuario_id`, `video_id`, `comentario`, `fecha`) VALUES (11, 4, 3, 'El video me gusta', '2021-01-27');
INSERT INTO `youtube`.`tb_comentariovideo` (`id_comentariovideo`, `usuario_id`, `video_id`, `comentario`, `fecha`) VALUES (12, 5, 3, 'El video me gusta', '2021-01-27');
INSERT INTO `youtube`.`tb_comentariovideo` (`id_comentariovideo`, `usuario_id`, `video_id`, `comentario`, `fecha`) VALUES (13, 1, 18, 'Interesante', '2021-01-27');
INSERT INTO `youtube`.`tb_comentariovideo` (`id_comentariovideo`, `usuario_id`, `video_id`, `comentario`, `fecha`) VALUES (14, 2, 10, 'Interesante', '2021-01-27');
INSERT INTO `youtube`.`tb_comentariovideo` (`id_comentariovideo`, `usuario_id`, `video_id`, `comentario`, `fecha`) VALUES (15, 3, 11, 'Interesante', '2021-01-27');
INSERT INTO `youtube`.`tb_comentariovideo` (`id_comentariovideo`, `usuario_id`, `video_id`, `comentario`, `fecha`) VALUES (16, 4, 1, 'Interesante', '2021-01-27');
INSERT INTO `youtube`.`tb_comentariovideo` (`id_comentariovideo`, `usuario_id`, `video_id`, `comentario`, `fecha`) VALUES (17, 4, 2, 'Aburrido', '2021-01-27');

COMMIT;


-- -----------------------------------------------------
-- Data for table `youtube`.`tb_likescomentarios`
-- -----------------------------------------------------
START TRANSACTION;
USE `youtube`;
INSERT INTO `youtube`.`tb_likescomentarios` (`comentariovideo_id`, `usuario_id`, `like_dislike_id`, `fecha`) VALUES (1, 1, 0, '2021-01-18');
INSERT INTO `youtube`.`tb_likescomentarios` (`comentariovideo_id`, `usuario_id`, `like_dislike_id`, `fecha`) VALUES (2, 2, 0, '2021-01-18');
INSERT INTO `youtube`.`tb_likescomentarios` (`comentariovideo_id`, `usuario_id`, `like_dislike_id`, `fecha`) VALUES (3, 3, 0, '2021-01-27');
INSERT INTO `youtube`.`tb_likescomentarios` (`comentariovideo_id`, `usuario_id`, `like_dislike_id`, `fecha`) VALUES (4, 4, 0, '2021-01-27');
INSERT INTO `youtube`.`tb_likescomentarios` (`comentariovideo_id`, `usuario_id`, `like_dislike_id`, `fecha`) VALUES (5, 2, 1, '2021-01-27');
INSERT INTO `youtube`.`tb_likescomentarios` (`comentariovideo_id`, `usuario_id`, `like_dislike_id`, `fecha`) VALUES (6, 4, 0, '2021-01-27');
INSERT INTO `youtube`.`tb_likescomentarios` (`comentariovideo_id`, `usuario_id`, `like_dislike_id`, `fecha`) VALUES (7, 3, 0, '2021-01-27');
INSERT INTO `youtube`.`tb_likescomentarios` (`comentariovideo_id`, `usuario_id`, `like_dislike_id`, `fecha`) VALUES (1, 5, 0, '2021-01-27');
INSERT INTO `youtube`.`tb_likescomentarios` (`comentariovideo_id`, `usuario_id`, `like_dislike_id`, `fecha`) VALUES (2, 6, 0, '2021-01-27');
INSERT INTO `youtube`.`tb_likescomentarios` (`comentariovideo_id`, `usuario_id`, `like_dislike_id`, `fecha`) VALUES (3, 7, 0, '2021-01-27');
INSERT INTO `youtube`.`tb_likescomentarios` (`comentariovideo_id`, `usuario_id`, `like_dislike_id`, `fecha`) VALUES (4, 8, 0, '2021-01-27');
INSERT INTO `youtube`.`tb_likescomentarios` (`comentariovideo_id`, `usuario_id`, `like_dislike_id`, `fecha`) VALUES (5, 9, 1, '2021-01-27');
INSERT INTO `youtube`.`tb_likescomentarios` (`comentariovideo_id`, `usuario_id`, `like_dislike_id`, `fecha`) VALUES (6, 5, 0, '2021-01-27');
INSERT INTO `youtube`.`tb_likescomentarios` (`comentariovideo_id`, `usuario_id`, `like_dislike_id`, `fecha`) VALUES (7, 6, 0, '2021-01-27');
INSERT INTO `youtube`.`tb_likescomentarios` (`comentariovideo_id`, `usuario_id`, `like_dislike_id`, `fecha`) VALUES (8, 7, 0, '2021-01-27');
INSERT INTO `youtube`.`tb_likescomentarios` (`comentariovideo_id`, `usuario_id`, `like_dislike_id`, `fecha`) VALUES (8, 8, 0, '2021-01-27');
INSERT INTO `youtube`.`tb_likescomentarios` (`comentariovideo_id`, `usuario_id`, `like_dislike_id`, `fecha`) VALUES (8, 9, 0, '2021-01-27');
INSERT INTO `youtube`.`tb_likescomentarios` (`comentariovideo_id`, `usuario_id`, `like_dislike_id`, `fecha`) VALUES (9, 1, 0, '2021-01-27');
INSERT INTO `youtube`.`tb_likescomentarios` (`comentariovideo_id`, `usuario_id`, `like_dislike_id`, `fecha`) VALUES (9, 2, 1, '2021-01-27');
INSERT INTO `youtube`.`tb_likescomentarios` (`comentariovideo_id`, `usuario_id`, `like_dislike_id`, `fecha`) VALUES (9, 3, 1, '2021-01-27');
INSERT INTO `youtube`.`tb_likescomentarios` (`comentariovideo_id`, `usuario_id`, `like_dislike_id`, `fecha`) VALUES (10, 4, 0, '2021-01-27');
INSERT INTO `youtube`.`tb_likescomentarios` (`comentariovideo_id`, `usuario_id`, `like_dislike_id`, `fecha`) VALUES (10, 5, 0, '2021-01-27');
INSERT INTO `youtube`.`tb_likescomentarios` (`comentariovideo_id`, `usuario_id`, `like_dislike_id`, `fecha`) VALUES (10, 6, 0, '2021-01-27');
INSERT INTO `youtube`.`tb_likescomentarios` (`comentariovideo_id`, `usuario_id`, `like_dislike_id`, `fecha`) VALUES (11, 7, 0, '2021-01-27');
INSERT INTO `youtube`.`tb_likescomentarios` (`comentariovideo_id`, `usuario_id`, `like_dislike_id`, `fecha`) VALUES (11, 8, 1, '2021-01-27');
INSERT INTO `youtube`.`tb_likescomentarios` (`comentariovideo_id`, `usuario_id`, `like_dislike_id`, `fecha`) VALUES (11, 9, 0, '2021-01-27');
INSERT INTO `youtube`.`tb_likescomentarios` (`comentariovideo_id`, `usuario_id`, `like_dislike_id`, `fecha`) VALUES (12, 1, 0, '2021-01-27');
INSERT INTO `youtube`.`tb_likescomentarios` (`comentariovideo_id`, `usuario_id`, `like_dislike_id`, `fecha`) VALUES (12, 2, 0, '2021-01-27');
INSERT INTO `youtube`.`tb_likescomentarios` (`comentariovideo_id`, `usuario_id`, `like_dislike_id`, `fecha`) VALUES (12, 3, 1, '2021-01-27');
INSERT INTO `youtube`.`tb_likescomentarios` (`comentariovideo_id`, `usuario_id`, `like_dislike_id`, `fecha`) VALUES (13, 4, 0, '2021-01-27');
INSERT INTO `youtube`.`tb_likescomentarios` (`comentariovideo_id`, `usuario_id`, `like_dislike_id`, `fecha`) VALUES (13, 5, 0, '2021-01-27');
INSERT INTO `youtube`.`tb_likescomentarios` (`comentariovideo_id`, `usuario_id`, `like_dislike_id`, `fecha`) VALUES (13, 6, 0, '2021-01-27');
INSERT INTO `youtube`.`tb_likescomentarios` (`comentariovideo_id`, `usuario_id`, `like_dislike_id`, `fecha`) VALUES (14, 7, 0, '2021-01-27');
INSERT INTO `youtube`.`tb_likescomentarios` (`comentariovideo_id`, `usuario_id`, `like_dislike_id`, `fecha`) VALUES (14, 8, 1, '2021-01-27');
INSERT INTO `youtube`.`tb_likescomentarios` (`comentariovideo_id`, `usuario_id`, `like_dislike_id`, `fecha`) VALUES (15, 9, 0, '2021-01-27');
INSERT INTO `youtube`.`tb_likescomentarios` (`comentariovideo_id`, `usuario_id`, `like_dislike_id`, `fecha`) VALUES (15, 1, 0, '2021-01-27');
INSERT INTO `youtube`.`tb_likescomentarios` (`comentariovideo_id`, `usuario_id`, `like_dislike_id`, `fecha`) VALUES (15, 2, 0, '2021-01-27');
INSERT INTO `youtube`.`tb_likescomentarios` (`comentariovideo_id`, `usuario_id`, `like_dislike_id`, `fecha`) VALUES (16, 3, 0, '2021-01-27');
INSERT INTO `youtube`.`tb_likescomentarios` (`comentariovideo_id`, `usuario_id`, `like_dislike_id`, `fecha`) VALUES (14, 4, 0, '2021-01-27');
INSERT INTO `youtube`.`tb_likescomentarios` (`comentariovideo_id`, `usuario_id`, `like_dislike_id`, `fecha`) VALUES (14, 5, 1, '2021-01-27');

COMMIT;


-- -----------------------------------------------------
-- Data for table `youtube`.`tb_playliststatus`
-- -----------------------------------------------------
START TRANSACTION;
USE `youtube`;
INSERT INTO `youtube`.`tb_playliststatus` (`id_playliststatus`, `status`) VALUES (0, 'Pública');
INSERT INTO `youtube`.`tb_playliststatus` (`id_playliststatus`, `status`) VALUES (1, 'Privada');

COMMIT;


-- -----------------------------------------------------
-- Data for table `youtube`.`tb_playlist`
-- -----------------------------------------------------
START TRANSACTION;
USE `youtube`;
INSERT INTO `youtube`.`tb_playlist` (`id_playlist`, `usuario_id`, `playlistname`, `playlistdate`, `playliststatus_id`) VALUES (1, 1, 'PLAYLIST_1', '2021-01-18', 0);
INSERT INTO `youtube`.`tb_playlist` (`id_playlist`, `usuario_id`, `playlistname`, `playlistdate`, `playliststatus_id`) VALUES (2, 4, 'PLAYLIST_2', '2021-01-18', 1);
INSERT INTO `youtube`.`tb_playlist` (`id_playlist`, `usuario_id`, `playlistname`, `playlistdate`, `playliststatus_id`) VALUES (3, 6, 'PLAYLIST_3', '2021-01-18', 1);
INSERT INTO `youtube`.`tb_playlist` (`id_playlist`, `usuario_id`, `playlistname`, `playlistdate`, `playliststatus_id`) VALUES (4, 2, 'PLAYLIST_4', '2021-01-18', 1);
INSERT INTO `youtube`.`tb_playlist` (`id_playlist`, `usuario_id`, `playlistname`, `playlistdate`, `playliststatus_id`) VALUES (5, 2, 'PLAYLIST_5', '2021-01-18', 1);
INSERT INTO `youtube`.`tb_playlist` (`id_playlist`, `usuario_id`, `playlistname`, `playlistdate`, `playliststatus_id`) VALUES (6, 3, 'PLAYLIST_6', '2021-01-18', 0);
INSERT INTO `youtube`.`tb_playlist` (`id_playlist`, `usuario_id`, `playlistname`, `playlistdate`, `playliststatus_id`) VALUES (7, 8, 'PLAYLIST_7', '2021-01-18', 1);
INSERT INTO `youtube`.`tb_playlist` (`id_playlist`, `usuario_id`, `playlistname`, `playlistdate`, `playliststatus_id`) VALUES (8, 5, 'PLAYLIST_8', '2021-01-18', 1);
INSERT INTO `youtube`.`tb_playlist` (`id_playlist`, `usuario_id`, `playlistname`, `playlistdate`, `playliststatus_id`) VALUES (9, 9, 'PLAYLIST_9', '2021-01-18', 0);
INSERT INTO `youtube`.`tb_playlist` (`id_playlist`, `usuario_id`, `playlistname`, `playlistdate`, `playliststatus_id`) VALUES (10, 7, 'PLAYLIST_10', '2021-01-20', 1);

COMMIT;


-- -----------------------------------------------------
-- Data for table `youtube`.`tb_videosplaylist`
-- -----------------------------------------------------
START TRANSACTION;
USE `youtube`;
INSERT INTO `youtube`.`tb_videosplaylist` (`playlist_id`, `video_id`) VALUES (1, 1);
INSERT INTO `youtube`.`tb_videosplaylist` (`playlist_id`, `video_id`) VALUES (1, 2);
INSERT INTO `youtube`.`tb_videosplaylist` (`playlist_id`, `video_id`) VALUES (1, 10);
INSERT INTO `youtube`.`tb_videosplaylist` (`playlist_id`, `video_id`) VALUES (1, 11);
INSERT INTO `youtube`.`tb_videosplaylist` (`playlist_id`, `video_id`) VALUES (1, 28);
INSERT INTO `youtube`.`tb_videosplaylist` (`playlist_id`, `video_id`) VALUES (2, 10);
INSERT INTO `youtube`.`tb_videosplaylist` (`playlist_id`, `video_id`) VALUES (2, 11);
INSERT INTO `youtube`.`tb_videosplaylist` (`playlist_id`, `video_id`) VALUES (2, 18);
INSERT INTO `youtube`.`tb_videosplaylist` (`playlist_id`, `video_id`) VALUES (3, 27);
INSERT INTO `youtube`.`tb_videosplaylist` (`playlist_id`, `video_id`) VALUES (3, 1);
INSERT INTO `youtube`.`tb_videosplaylist` (`playlist_id`, `video_id`) VALUES (4, 2);
INSERT INTO `youtube`.`tb_videosplaylist` (`playlist_id`, `video_id`) VALUES (4, 3);
INSERT INTO `youtube`.`tb_videosplaylist` (`playlist_id`, `video_id`) VALUES (5, 10);
INSERT INTO `youtube`.`tb_videosplaylist` (`playlist_id`, `video_id`) VALUES (5, 28);
INSERT INTO `youtube`.`tb_videosplaylist` (`playlist_id`, `video_id`) VALUES (6, 27);
INSERT INTO `youtube`.`tb_videosplaylist` (`playlist_id`, `video_id`) VALUES (7, 16);
INSERT INTO `youtube`.`tb_videosplaylist` (`playlist_id`, `video_id`) VALUES (7, 17);
INSERT INTO `youtube`.`tb_videosplaylist` (`playlist_id`, `video_id`) VALUES (8, 15);
INSERT INTO `youtube`.`tb_videosplaylist` (`playlist_id`, `video_id`) VALUES (8, 13);
INSERT INTO `youtube`.`tb_videosplaylist` (`playlist_id`, `video_id`) VALUES (8, 12);
INSERT INTO `youtube`.`tb_videosplaylist` (`playlist_id`, `video_id`) VALUES (8, 11);
INSERT INTO `youtube`.`tb_videosplaylist` (`playlist_id`, `video_id`) VALUES (9, 10);
INSERT INTO `youtube`.`tb_videosplaylist` (`playlist_id`, `video_id`) VALUES (9, 3);
INSERT INTO `youtube`.`tb_videosplaylist` (`playlist_id`, `video_id`) VALUES (9, 2);
INSERT INTO `youtube`.`tb_videosplaylist` (`playlist_id`, `video_id`) VALUES (9, 1);
INSERT INTO `youtube`.`tb_videosplaylist` (`playlist_id`, `video_id`) VALUES (9, 29);
INSERT INTO `youtube`.`tb_videosplaylist` (`playlist_id`, `video_id`) VALUES (10, 1);
INSERT INTO `youtube`.`tb_videosplaylist` (`playlist_id`, `video_id`) VALUES (10, 2);
INSERT INTO `youtube`.`tb_videosplaylist` (`playlist_id`, `video_id`) VALUES (10, 12);
INSERT INTO `youtube`.`tb_videosplaylist` (`playlist_id`, `video_id`) VALUES (10, 15);

COMMIT;

